<powerpagecomponent powerpagecomponentid="d86a1a8f-94d5-1206-85e2-fe5d048eb70c">
  <content>{
  "webpageid": "a1b2c3d4-e5f6-4a5b-8c9d-0e1f2a3b4c5d",
  "right": 2,
  "scope": 1,
  "adx_webpageaccesscontrolrule_webrole": [
    "528fe9d8-1adf-f011-8543-000d3a326d87",
    "6a386225-1bdf-f011-8543-000d3a326d87",
    "fd79d32c-1bdf-f011-8543-000d3a326d87",
    "77950059-e9dd-4b34-af88-484dafc41805",
    "f9b2409c-14c4-4952-a5cc-9a772787144b"
  ]
}</content>
  <iscustomizable>1</iscustomizable>
  <name>Restrict Read on Claims Dashboard</name>
  <powerpagecomponenttype>10</powerpagecomponenttype>
  <powerpagesiteid>
    <powerpagesiteid>3b333078-c2ee-4531-83b3-e4d54db17a49</powerpagesiteid>
  </powerpagesiteid>
  <statecode>0</statecode>
  <statuscode>1</statuscode>
</powerpagecomponent>