<ImportExportXml version="9.2.25122.162" SolutionPackageVersion="9.2" languagecode="1033" generatedBy="CrmLive" xmlns:xsi="http://www.w3.org/2001/XMLSchema-instance" OrganizationVersion="9.2.25122.162" OrganizationSchemaType="Standard" CRMServerServiceabilityVersion="9.2.25123.00162">
  <SolutionManifest>
    <UniqueName>ContosoVendorDemo</UniqueName>
    <LocalizedNames>
      <LocalizedName description="ContosoVendorDemo" languagecode="1033" />
    </LocalizedNames>
    <Descriptions />
    <Version>1.0.0.1</Version>
    <Managed>0</Managed>
    <Publisher>
      <UniqueName>Contoso_Publisher</UniqueName>
      <LocalizedNames>
        <LocalizedName description="Contoso" languagecode="1033" />
      </LocalizedNames>
      <Descriptions />
      <EMailAddress xsi:nil="true"></EMailAddress>
      <SupportingWebsiteUrl xsi:nil="true"></SupportingWebsiteUrl>
      <CustomizationPrefix>contoso</CustomizationPrefix>
      <CustomizationOptionValuePrefix>33065</CustomizationOptionValuePrefix>
      <Addresses>
        <Address>
          <AddressNumber>1</AddressNumber>
          <AddressTypeCode>1</AddressTypeCode>
          <City xsi:nil="true"></City>
          <County xsi:nil="true"></County>
          <Country xsi:nil="true"></Country>
          <Fax xsi:nil="true"></Fax>
          <FreightTermsCode xsi:nil="true"></FreightTermsCode>
          <ImportSequenceNumber xsi:nil="true"></ImportSequenceNumber>
          <Latitude xsi:nil="true"></Latitude>
          <Line1 xsi:nil="true"></Line1>
          <Line2 xsi:nil="true"></Line2>
          <Line3 xsi:nil="true"></Line3>
          <Longitude xsi:nil="true"></Longitude>
          <Name xsi:nil="true"></Name>
          <PostalCode xsi:nil="true"></PostalCode>
          <PostOfficeBox xsi:nil="true"></PostOfficeBox>
          <PrimaryContactName xsi:nil="true"></PrimaryContactName>
          <ShippingMethodCode>1</ShippingMethodCode>
          <StateOrProvince xsi:nil="true"></StateOrProvince>
          <Telephone1 xsi:nil="true"></Telephone1>
          <Telephone2 xsi:nil="true"></Telephone2>
          <Telephone3 xsi:nil="true"></Telephone3>
          <TimeZoneRuleVersionNumber xsi:nil="true"></TimeZoneRuleVersionNumber>
          <UPSZone xsi:nil="true"></UPSZone>
          <UTCOffset xsi:nil="true"></UTCOffset>
          <UTCConversionTimeZoneCode xsi:nil="true"></UTCConversionTimeZoneCode>
        </Address>
        <Address>
          <AddressNumber>2</AddressNumber>
          <AddressTypeCode>1</AddressTypeCode>
          <City xsi:nil="true"></City>
          <County xsi:nil="true"></County>
          <Country xsi:nil="true"></Country>
          <Fax xsi:nil="true"></Fax>
          <FreightTermsCode xsi:nil="true"></FreightTermsCode>
          <ImportSequenceNumber xsi:nil="true"></ImportSequenceNumber>
          <Latitude xsi:nil="true"></Latitude>
          <Line1 xsi:nil="true"></Line1>
          <Line2 xsi:nil="true"></Line2>
          <Line3 xsi:nil="true"></Line3>
          <Longitude xsi:nil="true"></Longitude>
          <Name xsi:nil="true"></Name>
          <PostalCode xsi:nil="true"></PostalCode>
          <PostOfficeBox xsi:nil="true"></PostOfficeBox>
          <PrimaryContactName xsi:nil="true"></PrimaryContactName>
          <ShippingMethodCode>1</ShippingMethodCode>
          <StateOrProvince xsi:nil="true"></StateOrProvince>
          <Telephone1 xsi:nil="true"></Telephone1>
          <Telephone2 xsi:nil="true"></Telephone2>
          <Telephone3 xsi:nil="true"></Telephone3>
          <TimeZoneRuleVersionNumber xsi:nil="true"></TimeZoneRuleVersionNumber>
          <UPSZone xsi:nil="true"></UPSZone>
          <UTCOffset xsi:nil="true"></UTCOffset>
          <UTCConversionTimeZoneCode xsi:nil="true"></UTCConversionTimeZoneCode>
        </Address>
      </Addresses>
    </Publisher>
    <RootComponents>
      <RootComponent type="1" schemaName="contoso_apiconfig" behavior="0" />
      <RootComponent type="1" schemaName="contoso_compliancerecord" behavior="0" />
      <RootComponent type="1" schemaName="contoso_complianceregistry" behavior="0" />
      <RootComponent type="1" schemaName="contoso_document" behavior="0" />
      <RootComponent type="1" schemaName="contoso_erpvendormaster" behavior="0" />
      <RootComponent type="1" schemaName="contoso_onboardingrequest" behavior="0" />
      <RootComponent type="1" schemaName="contoso_riskassessment" behavior="0" />
      <RootComponent type="1" schemaName="contoso_riskscoringconfig" behavior="0" />
      <RootComponent type="1" schemaName="contoso_vendor" behavior="0" />
      <RootComponent type="1" schemaName="systemuser" behavior="1" />
      <RootComponent type="9" schemaName="contoso_assessmenttype" behavior="0" />
      <RootComponent type="9" schemaName="contoso_businesstype" behavior="0" />
      <RootComponent type="9" schemaName="contoso_compliancedoctype" behavior="0" />
      <RootComponent type="9" schemaName="contoso_employeerange" behavior="0" />
      <RootComponent type="9" schemaName="contoso_onboardingsource" behavior="0" />
      <RootComponent type="9" schemaName="contoso_performedby" behavior="0" />
      <RootComponent type="9" schemaName="contoso_processedstatus" behavior="0" />
      <RootComponent type="9" schemaName="contoso_rejectionreason" behavior="0" />
      <RootComponent type="9" schemaName="contoso_revenuerange" behavior="0" />
      <RootComponent type="9" schemaName="contoso_riskcategory" behavior="0" />
      <RootComponent type="9" schemaName="contoso_uploadsource" behavior="0" />
      <RootComponent type="9" schemaName="contoso_validationresult" behavior="0" />
      <RootComponent type="9" schemaName="contoso_vendorcategory" behavior="0" />
      <RootComponent type="29" id="{2be07a90-d6ea-f011-8543-000d3a326d87}" behavior="0" />
      <RootComponent type="29" id="{41be96aa-20ed-f011-8406-002248084564}" behavior="0" />
      <RootComponent type="29" id="{513de08a-d2ea-f011-8543-000d3a326d87}" behavior="0" />
      <RootComponent type="29" id="{618ee87d-c5ea-f011-8543-000d3a326d87}" behavior="0" />
      <RootComponent type="29" id="{665f8eb5-65f0-f011-8406-0022480a12ec}" behavior="0" />
      <RootComponent type="29" id="{94b2aa72-c7ea-f011-8543-000d3a326d87}" behavior="0" />
      <RootComponent type="29" id="{96653882-56fb-f011-8406-7ced8d70a9cc}" behavior="0" />
      <RootComponent type="29" id="{b7b27adb-88fa-f011-8406-7ced8d70a9cc}" behavior="0" />
      <RootComponent type="29" id="{bbc98f45-7cfa-f011-8406-000d3a5a404f}" behavior="0" />
      <RootComponent type="29" id="{c5cf5a63-1df9-4016-b9a6-853bf3a92694}" behavior="0" />
      <RootComponent type="29" id="{e66e52dd-d3ea-f011-8543-000d3a326d87}" behavior="0" />
      <RootComponent type="29" id="{f5cf5112-03ed-f011-8406-002248084564}" behavior="0" />
      <RootComponent type="29" id="{f61c45fe-bbea-f011-8543-000d3a326d87}" behavior="0" />
      <RootComponent type="60" id="{bb4edc48-22fe-f011-8406-6045bd029f56}" behavior="0" />
      <RootComponent type="61" schemaName="contoso_/scripts/Contoso.Common.js" behavior="0" />
      <RootComponent type="61" schemaName="contoso_/scripts/Contoso.OnboardingRequest.js" behavior="0" />
      <RootComponent type="61" schemaName="contoso_/scripts/Contoso.Vendor.js" behavior="0" />
      <RootComponent type="62" schemaName="contoso_VendorIntelligenceHub" behavior="0" />
      <RootComponent type="80" schemaName="contoso_VendorIntelligenceHub" behavior="0" />
      <RootComponent type="181" id="{a17be158-e9dd-e611-80d3-00155da29216}" schemaName="OData v4 Data Provider" behavior="0" />
      <RootComponent type="183" id="{1bacd587-a3eb-f011-8543-000d3a326d87}" schemaName="Contoso ERP OData" behavior="0" />
      <RootComponent type="300" schemaName="contoso_vendorerpdatacard_62c57" behavior="0" />
    </RootComponents>
    <MissingDependencies>
      <MissingDependency>
        <Required type="181" schemaName="OData v4 Data Provider" displayName="OData v4 Data Provider" solution="ODatav4DataProvider (9.1.0.445)" id="{a17be158-e9dd-e611-80d3-00155da29216}">
          <package appName="OData Data Provider Package" version="9.1.0.445">ODatav4DataProvider (9.1.0.445)</package>
        </Required>
        <Dependent type="1" schemaName="contoso_complianceregistry" displayName="Compliance Registry" />
      </MissingDependency>
      <MissingDependency>
        <Required type="181" schemaName="OData v4 Data Provider" displayName="OData v4 Data Provider" solution="ODatav4DataProvider (9.1.0.445)" id="{a17be158-e9dd-e611-80d3-00155da29216}">
          <package appName="OData Data Provider Package" version="9.1.0.445">ODatav4DataProvider (9.1.0.445)</package>
        </Required>
        <Dependent type="1" schemaName="contoso_erpvendormaster" displayName="ERP Vendor Master" />
      </MissingDependency>
      <MissingDependency>
        <Required type="181" schemaName="OData v4 Data Provider" displayName="OData v4 Data Provider" solution="ODatav4DataProvider (9.1.0.445)" id="{a17be158-e9dd-e611-80d3-00155da29216}">
          <package appName="OData Data Provider Package" version="9.1.0.445">ODatav4DataProvider (9.1.0.445)</package>
        </Required>
        <Dependent type="181" schemaName="OData v4 Data Provider" displayName="OData v4 Data Provider" id="{a17be158-e9dd-e611-80d3-00155da29216}" />
      </MissingDependency>
      <MissingDependency>
        <Required type="181" schemaName="OData v4 Data Provider" displayName="OData v4 Data Provider" solution="ODatav4DataProvider (9.1.0.445)" id="{a17be158-e9dd-e611-80d3-00155da29216}">
          <package appName="OData Data Provider Package" version="9.1.0.445">ODatav4DataProvider (9.1.0.445)</package>
        </Required>
        <Dependent type="183" schemaName="Contoso ERP OData" displayName="Contoso ERP OData" id="{1bacd587-a3eb-f011-8543-000d3a326d87}" />
      </MissingDependency>
      <MissingDependency>
        <Required type="61" schemaName="adx_contacts.svg" displayName="adx_contacts.svg" solution="PowerPages_RuntimeCoreDependencies (1.0.2305.1)">
          <package appName="Power Pages Core Package" version="1.1.2510.212">PowerPages_Core (1.1.2510.212)</package>
        </Required>
        <Dependent type="62" schemaName="contoso_VendorIntelligenceHub" />
      </MissingDependency>
      <MissingDependency>
        <Required type="61" schemaName="BusinessManagement.svg" displayName="BusinessManagement.svg" solution="PowerPlatformEnvironmentSettings (1.1.1.2829)">
          <package appName="PowerPlatformEnvironmentSettingsApp" version="1.1.1.2829">PowerPlatformEnvironmentSettingsApp_Anchor (1.1.1.2829)</package>
        </Required>
        <Dependent type="62" schemaName="contoso_VendorIntelligenceHub" />
      </MissingDependency>
      <MissingDependency>
        <Required type="61" schemaName="DataManagement.svg" displayName="DataManagement.svg" solution="PowerPlatformEnvironmentSettings (1.1.1.2829)">
          <package appName="PowerPlatformEnvironmentSettingsApp" version="1.1.1.2829">PowerPlatformEnvironmentSettingsApp_Anchor (1.1.1.2829)</package>
        </Required>
        <Dependent type="62" schemaName="contoso_VendorIntelligenceHub" />
      </MissingDependency>
      <MissingDependency>
        <Required type="61" schemaName="msdyn_/Icons/AnalysisResult.svg" displayName="msdyn_/Icons/AnalysisResult.svg" solution="msdyn_PowerAppsChecker (2.0.0.11)">
          <package appName="PowerAppsChecker" version="2.0.0.11">msdyn_PowerAppsCheckerAnchor (2.0.0.11)</package>
        </Required>
        <Dependent type="62" schemaName="contoso_VendorIntelligenceHub" />
      </MissingDependency>
      <MissingDependency>
        <Required type="61" schemaName="msdyn_/Images/AppModule_Default_Icon.png" displayName="msdyn_/Images/AppModule_Default_Icon.png" solution="AppModuleWebResources (2.5)">
          <package appName="AppModule Web Resources Package" version="2.5">AppModuleWebResources (2.5)</package>
        </Required>
        <Dependent type="80" schemaName="contoso_VendorIntelligenceHub" displayName="Vendor Intelligence Hub" />
      </MissingDependency>
      <MissingDependency>
        <Required type="61" schemaName="msdyn_clock-pause.svg" displayName="msdyn_clock-pause.svg" solution="msdyn_PowerAdminSettingsDataManagementSolution (1.1.1.2829)">
          <package appName="PowerPlatformEnvironmentSettingsApp" version="1.1.1.2829">PowerPlatformEnvironmentSettingsApp_Anchor (1.1.1.2829)</package>
        </Required>
        <Dependent type="62" schemaName="contoso_VendorIntelligenceHub" />
      </MissingDependency>
      <MissingDependency>
        <Required type="61" schemaName="mspp_entity_forms.svg" displayName="mspp_entity_forms.svg" solution="PowerPages_AppResources (1.0.2508.1)">
          <package appName="Power Pages Core Package" version="1.1.2510.212">PowerPages_Core (1.1.2510.212)</package>
        </Required>
        <Dependent type="62" schemaName="contoso_VendorIntelligenceHub" />
      </MissingDependency>
      <MissingDependency>
        <Required type="61" schemaName="mspp_entity_permissions.svg" displayName="mspp_entity_permissions.svg" solution="PowerPages_AppResources (1.0.2508.1)">
          <package appName="Power Pages Core Package" version="1.1.2510.212">PowerPages_Core (1.1.2510.212)</package>
        </Required>
        <Dependent type="62" schemaName="contoso_VendorIntelligenceHub" />
      </MissingDependency>
      <MissingDependency>
        <Required type="61" schemaName="mspp_settings.svg" displayName="mspp_settings.svg" solution="PowerPages_AppResources (1.0.2508.1)">
          <package appName="Power Pages Core Package" version="1.1.2510.212">PowerPages_Core (1.1.2510.212)</package>
        </Required>
        <Dependent type="62" schemaName="contoso_VendorIntelligenceHub" />
      </MissingDependency>
      <MissingDependency>
        <Required type="61" schemaName="mspp_web_page_access_control_rules.svg" displayName="mspp_web_page_access_control_rules.svg" solution="PowerPages_AppResources (1.0.2508.1)">
          <package appName="Power Pages Core Package" version="1.1.2510.212">PowerPages_Core (1.1.2510.212)</package>
        </Required>
        <Dependent type="62" schemaName="contoso_VendorIntelligenceHub" />
      </MissingDependency>
      <MissingDependency>
        <Required type="66" schemaName="MscrmControls.Canvas.CanvasControl" displayName="MscrmControls.Canvas.CanvasControl" solution="BaseCustomControlsCore (9.0.2512.1015)">
          <package appName="Base Custom Controls" version="9.0.2512.1015">BaseCustomControlsCore (9.0.2512.1015)</package>
        </Required>
        <Dependent type="60" displayName="Vendor (Main)" parentDisplayName="Vendor" id="{602e1aa7-42c1-4e53-a801-1ce57bcec92c}" />
      </MissingDependency>
      <MissingDependency>
        <Required type="90" schemaName="Contoso.VendorRisk.Plugins.Plugins.CalculateVendorRiskScorePlugin, Contoso.VendorRisk.Plugins, Version=1.0.0.0, Culture=neutral, PublicKeyToken=fcc6f098bf1065ba" displayName="Contoso.VendorRisk.Plugins.Plugins.CalculateVendorRiskScorePlugin" solution="Active" id="{1733be2e-c30d-4f2c-945f-032cd8102348}" />
        <Dependent type="CustomAPI" displayName="contoso_CalculateVendorRiskScore" id.uniquename="contoso_CalculateVendorRiskScore" />
      </MissingDependency>
      <MissingDependency>
        <Required type="90" schemaName="Contoso.VendorRisk.Plugins.Plugins.BulkComplianceCheckPlugin, Contoso.VendorRisk.Plugins, Version=1.0.0.0, Culture=neutral, PublicKeyToken=fcc6f098bf1065ba" displayName="Contoso.VendorRisk.Plugins.Plugins.BulkComplianceCheckPlugin" solution="Active" id="{d6819424-8115-400b-84a8-e185f86420ba}" />
        <Dependent type="CustomAPI" displayName="contoso_BulkComplianceCheck" id.uniquename="contoso_BulkComplianceCheck" />
      </MissingDependency>
      <MissingDependency>
        <Required type="connectionreference" displayName="new_sharedcommondataserviceforapps_3034a" solution="Active" id.connectionreferencelogicalname="new_sharedcommondataserviceforapps_3034a" />
        <Dependent type="29" displayName="API TEST COMPLIANCE" id="{41be96aa-20ed-f011-8406-002248084564}" />
      </MissingDependency>
      <MissingDependency>
        <Required type="connectionreference" displayName="new_sharedcommondataserviceforapps_3034a" solution="Active" id.connectionreferencelogicalname="new_sharedcommondataserviceforapps_3034a" />
        <Dependent type="29" displayName="Process Vendor Compliance Document" id="{665f8eb5-65f0-f011-8406-0022480a12ec}" />
      </MissingDependency>
      <MissingDependency>
        <Required type="connectionreference" displayName="new_sharedcommondataserviceforapps_3034a" solution="Active" id.connectionreferencelogicalname="new_sharedcommondataserviceforapps_3034a" />
        <Dependent type="29" displayName="Copilot - Create Onboarding Request" id="{b7b27adb-88fa-f011-8406-7ced8d70a9cc}" />
      </MissingDependency>
      <MissingDependency>
        <Required type="connectionreference" displayName="new_sharedcommondataserviceforapps_3034a" solution="Active" id.connectionreferencelogicalname="new_sharedcommondataserviceforapps_3034a" />
        <Dependent type="29" displayName="Copilot - Get Vendor Compliance Status" id="{bbc98f45-7cfa-f011-8406-000d3a5a404f}" />
      </MissingDependency>
      <MissingDependency>
        <Required type="connectionreference" displayName="new_sharedcommondataserviceforapps_3034a" solution="Active" id.connectionreferencelogicalname="new_sharedcommondataserviceforapps_3034a" />
        <Dependent type="29" displayName="API TEST FLOW" id="{f5cf5112-03ed-f011-8406-002248084564}" />
      </MissingDependency>
      <MissingDependency>
        <Required type="connectionreference" displayName="new_sharedoffice365_d9ec4" solution="Active" id.connectionreferencelogicalname="new_sharedoffice365_d9ec4" />
        <Dependent type="29" displayName="Process Vendor Compliance Document" id="{665f8eb5-65f0-f011-8406-0022480a12ec}" />
      </MissingDependency>
      <MissingDependency>
        <Required type="SettingDefinition" displayName="AppChannel" solution="msdyn_AppFrameworkInfraExtensions (1.0.0.15)" id.uniquename="AppChannel">
          <package appName="PowerAppsAppFramework Package" version="1.0.0.23">PowerAppsAppFramework_Anchor (1.0.0.23)</package>
        </Required>
        <Dependent type="AppSetting" displayName="parentappmoduleid.uniquename=contoso_VendorIntelligenceHub,settingdefinitionid.uniquename=AppChannel" id.parentappmoduleid.uniquename="contoso_VendorIntelligenceHub" id.settingdefinitionid.uniquename="AppChannel" />
      </MissingDependency>
      <MissingDependency>
        <Required type="1" schemaName="systemuser" displayName="SystemUser" parentSchemaName="" solution="msdyn_PowerAdminSettingsEmail (1.1.1.2829)" />
        <Dependent type="1" schemaName="systemuser" displayName="SystemUser" />
      </MissingDependency>
    </MissingDependencies>
  </SolutionManifest>
</ImportExportXml>