<desktopflowbinary desktopflowbinaryid="1660de85-d457-46b4-bac9-22784c27d0eb">
  <data mimetype="application/json">DependenciesFile_c8ac899c-18a5-41f3-9c81-46992cc1fdf9.json</data>
  <iscustomizable>1</iscustomizable>
  <metadata>{}</metadata>
  <mimetype>application/json</mimetype>
  <name>Desktop flow dependencies file</name>
  <process>
    <workflowid>c5cf5a63-1df9-4016-b9a6-853bf3a92694</workflowid>
  </process>
  <reference>flow.dependencies</reference>
  <statecode>0</statecode>
  <statuscode>1</statuscode>
  <type>DependenciesFile</type>
</desktopflowbinary>