<powerpagecomponent powerpagecomponentid="2706e9e5-19df-f011-8543-000d3a326d87">
  <content>{
  "value": "new_policyid,new_policynumber,statuscode,new_customerid,new_coveragetype,new_coveragelimit,new_deductibleamount,new_effectivestartdate,new_effectiveenddate,_new_customerid_value",
  "source": 0
}</content>
  <iscustomizable>1</iscustomizable>
  <name>Webapi/new_policy/fields</name>
  <powerpagecomponenttype>9</powerpagecomponenttype>
  <powerpagesiteid>
    <powerpagesiteid>3b333078-c2ee-4531-83b3-e4d54db17a49</powerpagesiteid>
  </powerpagesiteid>
  <statecode>0</statecode>
  <statuscode>1</statuscode>
</powerpagecomponent>