<powerpagecomponent powerpagecomponentid="8a5bbeaa-1adf-f011-8543-000d3a326d87">
  <content>{
  "append": false,
  "appendto": false,
  "create": false,
  "delete": false,
  "entitylogicalname": "new_claimtimeline",
  "entityname": "Claim Timeline - Customer Read",
  "parententitypermission": "5dee5276-1adf-f011-8543-000d3a326d87",
  "parentrelationship": "new_claimtimeline_Claim_new_claim",
  "read": true,
  "scope": 756150003,
  "write": false
}</content>
  <iscustomizable>1</iscustomizable>
  <name>Claim Timeline - Customer Read</name>
  <powerpagecomponenttype>18</powerpagecomponenttype>
  <powerpagesiteid>
    <powerpagesiteid>3b333078-c2ee-4531-83b3-e4d54db17a49</powerpagesiteid>
  </powerpagesiteid>
  <statecode>0</statecode>
  <statuscode>1</statuscode>
</powerpagecomponent>