<environmentvariabledefinition schemaname="new_FraudDetectionApiUrl">
  <defaultvalue>https://insureclaimpro-func.azurewebsites.net/api/fraud/detect</defaultvalue>
  <displayname default="FraudDetectionApiUrl">
    <label description="FraudDetectionApiUrl" languagecode="1033" />
  </displayname>
  <introducedversion>1.0.0.0</introducedversion>
  <iscustomizable>1</iscustomizable>
  <isrequired>0</isrequired>
  <secretstore>0</secretstore>
  <type>100000000</type>
</environmentvariabledefinition>