<powerpagecomponent powerpagecomponentid="3d320723-bc07-870f-6f0e-b4b3bc76bb08">
  <content>{
  "filecontent": null,
  "displayorder": 2,
  "weblinksetid": "04bb0efb-56c0-4ec5-8984-6437ab9178aa",
  "pageid": "a1b2c3d4-e5f6-4a5b-8c9d-0e1f2a3b4c5d",
  "publishingstateid": "aa217ce8-6c3d-4c37-b8c3-106ded806681",
  "displaypagevalidation": false,
  "displayimageonly": false,
  "displaypagechildlinks": false,
  "openinnewwindow": false,
  "robotsfollowlink": true
}</content>
  <iscustomizable>1</iscustomizable>
  <name>Claims Dashboard</name>
  <powerpagecomponenttype>5</powerpagecomponenttype>
  <powerpagesiteid>
    <powerpagesiteid>3b333078-c2ee-4531-83b3-e4d54db17a49</powerpagesiteid>
  </powerpagesiteid>
  <statecode>1</statecode>
  <statuscode>2</statuscode>
</powerpagecomponent>