<customapi uniquename="contoso_CalculateVendorRiskScore">
  <allowedcustomprocessingsteptype>2</allowedcustomprocessingsteptype>
  <bindingtype>0</bindingtype>
  <description default="Calculates a comprehensive risk score for a vendor based on compliance status, payment history, business tenure, and documentation completeness. Returns a weighted score (0-100), risk category (Low/Medium/High/Critical), detailed risk factors, and recommended next review date.">
    <label description="Calculates a comprehensive risk score for a vendor based on compliance status, payment history, business tenure, and documentation completeness. Returns a weighted score (0-100), risk category (Low/Medium/High/Critical), detailed risk factors, and recommended next review date." languagecode="1033" />
  </description>
  <displayname default="Calculate Vendor Risk Score">
    <label description="Calculate Vendor Risk Score" languagecode="1033" />
  </displayname>
  <iscustomizable>1</iscustomizable>
  <isfunction>0</isfunction>
  <isprivate>0</isprivate>
  <name>Calculate Vendor Risk Score</name>
  <plugintypeid>
    <plugintypeexportkey>1733be2e-c30d-4f2c-945f-032cd8102348</plugintypeexportkey>
  </plugintypeid>
  <workflowsdkstepenabled>0</workflowsdkstepenabled>
</customapi>