<customapiresponseproperty uniquename="RiskFactors">
  <description default="JSON array of individual risk factors with category, impact, and details">
    <label description="JSON array of individual risk factors with category, impact, and details" languagecode="1033" />
  </description>
  <displayname default="Risk Factors">
    <label description="Risk Factors" languagecode="1033" />
  </displayname>
  <iscustomizable>1</iscustomizable>
  <name>RiskFactors</name>
  <type>10</type>
</customapiresponseproperty>