<powerpagecomponent powerpagecomponentid="2277f75d-24c6-483c-8b54-8c8dfb369186">
  <content>{
  "description": "Enables or disables Azure AD as an external identity provider. By default, it is set to true.",
  "value": "true"
}</content>
  <iscustomizable>1</iscustomizable>
  <name>Authentication/Registration/AzureADLoginEnabled</name>
  <powerpagecomponenttype>9</powerpagecomponenttype>
  <powerpagesiteid>
    <powerpagesiteid>3b333078-c2ee-4531-83b3-e4d54db17a49</powerpagesiteid>
  </powerpagesiteid>
  <statecode>0</statecode>
  <statuscode>1</statuscode>
</powerpagecomponent>