<powerpagecomponent powerpagecomponentid="8ac9c0a6-fc37-a90a-f147-d514c8555fad">
  <content>{
  "display_name": "Logo URL",
  "type": 756150000,
  "value": "/Logo-sm-64.png"
}</content>
  <iscustomizable>1</iscustomizable>
  <name>Logo URL</name>
  <powerpagecomponenttype>7</powerpagecomponenttype>
  <powerpagesiteid>
    <powerpagesiteid>3b333078-c2ee-4531-83b3-e4d54db17a49</powerpagesiteid>
  </powerpagesiteid>
  <powerpagesitelanguageid>
    <powerpagesitelanguageid>3cfb219d-9d01-4312-acc1-a2b76755e01c</powerpagesitelanguageid>
  </powerpagesitelanguageid>
  <statecode>0</statecode>
  <statuscode>1</statuscode>
</powerpagecomponent>