<powerpagecomponent powerpagecomponentid="2c01cbc9-ad2c-4453-850b-d1218378eeae">
  <content>{
  "disablepagevalidation": false,
  "displayimageonly": false,
  "displayorder": 1,
  "displaypagechildlinks": false,
  "openinnewwindow": false,
  "pageid": "0cce02fb-9453-4d98-b30c-d1401c8a59cb",
  "publishingstateid": "aa217ce8-6c3d-4c37-b8c3-106ded806681",
  "robotsfollowlink": true,
  "weblinksetid": "04bb0efb-56c0-4ec5-8984-6437ab9178aa"
}</content>
  <iscustomizable>1</iscustomizable>
  <name>Home</name>
  <powerpagecomponenttype>5</powerpagecomponenttype>
  <powerpagesiteid>
    <powerpagesiteid>3b333078-c2ee-4531-83b3-e4d54db17a49</powerpagesiteid>
  </powerpagesiteid>
  <statecode>0</statecode>
  <statuscode>1</statuscode>
</powerpagecomponent>