<powerpagecomponent powerpagecomponentid="c80506bd-0bde-4535-9e58-7db4e61fd1ef">
  <content>{
  "description": "Enabling this setting will show all customer activity on the portal timeline.",
  "value": "false"
}</content>
  <iscustomizable>1</iscustomizable>
  <name>CustomerSupport/DisplayAllUserActivitiesOnTimeline</name>
  <powerpagecomponenttype>9</powerpagecomponenttype>
  <powerpagesiteid>
    <powerpagesiteid>3b333078-c2ee-4531-83b3-e4d54db17a49</powerpagesiteid>
  </powerpagesiteid>
  <statecode>0</statecode>
  <statuscode>1</statuscode>
</powerpagecomponent>