<powerpagecomponent powerpagecomponentid="31eab0d3-5e60-72b9-b6f3-29402b666ea9">
  <content>{
  "right": 2,
  "scope": 1,
  "webpageid": "b42c895d-d955-c732-619b-d6ad360b39e3",
  "adx_webpageaccesscontrolrule_webrole": [
    "528fe9d8-1adf-f011-8543-000d3a326d87",
    "f9b2409c-14c4-4952-a5cc-9a772787144b"
  ]
}</content>
  <iscustomizable>1</iscustomizable>
  <name>Restrict Read on New Claim</name>
  <powerpagecomponenttype>10</powerpagecomponenttype>
  <powerpagesiteid>
    <powerpagesiteid>3b333078-c2ee-4531-83b3-e4d54db17a49</powerpagesiteid>
  </powerpagesiteid>
  <statecode>0</statecode>
  <statuscode>1</statuscode>
</powerpagecomponent>