<powerpagecomponent powerpagecomponentid="e83a1299-9832-42ca-a149-f64ea67b78f8">
  <content>{
  "copy": "{% if user %}\r\n&lt;script&gt;\r\n  // Redirect authenticated users to claims dashboard\r\n  window.location.href = '/claims-dashboard';\r\n&lt;/script&gt;\r\n{% endif %}\r\n\r\n&lt;div class=\"row sectionBlockLayout text-start\" style=\"display: flex; flex-wrap: wrap; margin: 0px; min-height: auto; padding: 8px;\"&gt;\r\n  &lt;div class=\"container\" style=\"padding: 0px; display: flex; flex-wrap: wrap;\"&gt;\r\n    &lt;div class=\"col-lg-12 columnBlockLayout\" style=\"flex-grow: 1; display: flex; flex-direction: column; min-width: 300px;\"&gt;\r\n      {% unless user %}\r\n      &lt;div style=\"text-align: center; padding: 60px 20px;\"&gt;\r\n        &lt;h1&gt;Welcome to Apex Claims&lt;/h1&gt;\r\n        &lt;p&gt;Please sign in to access your claims dashboard.&lt;/p&gt;\r\n      &lt;/div&gt;\r\n      {% endunless %}\r\n    &lt;/div&gt;\r\n  &lt;/div&gt;\r\n&lt;/div&gt;",
  "customjavascript": "\n",
  "displayorder": 1,
  "enablerating": false,
  "enabletracking": false,
  "excludefromsearch": false,
  "feedbackpolicy": 756150005,
  "hiddenfromsitemap": false,
  "isroot": false,
  "pagetemplateid": "e41713bc-ab4c-4fee-b59d-b482b3090934",
  "partialurl": "/",
  "publishingstateid": "aa217ce8-6c3d-4c37-b8c3-106ded806681",
  "rootwebpageid": "0cce02fb-9453-4d98-b30c-d1401c8a59cb",
  "sharedpageconfiguration": false,
  "summary": "&lt;p&gt;This is a sample landing page for you to start creating your website.&lt;/p&gt;",
  "title": "Home"
}</content>
  <iscustomizable>1</iscustomizable>
  <name>Home</name>
  <powerpagecomponenttype>2</powerpagecomponenttype>
  <powerpagesiteid>
    <powerpagesiteid>3b333078-c2ee-4531-83b3-e4d54db17a49</powerpagesiteid>
  </powerpagesiteid>
  <powerpagesitelanguageid>
    <powerpagesitelanguageid>3cfb219d-9d01-4312-acc1-a2b76755e01c</powerpagesitelanguageid>
  </powerpagesitelanguageid>
  <searchcontent>Home{% if user %}
&lt;script&gt;
  // Redirect authenticated users to claims dashboard
  window.location.href = '/claims-dashboard';
&lt;/script&gt;
{% endif %}

&lt;div class="row sectionBlockLayout text-start" style="display: flex; flex-wrap: wrap; margin: 0px; min-height: auto; padding: 8px;"&gt;
  &lt;div class="container" style="padding: 0px; display: flex; flex-wrap: wrap;"&gt;
    &lt;div class="col-lg-12 columnBlockLayout" style="flex-grow: 1; display: flex; flex-direction: column; min-width: 300px;"&gt;
      {% unless user %}
      &lt;div style="text-align: center; padding: 60px 20px;"&gt;
        &lt;h1&gt;Welcome to Apex Claims&lt;/h1&gt;
        &lt;p&gt;Please sign in to access your claims dashboard.&lt;/p&gt;
      &lt;/div&gt;
      {% endunless %}
    &lt;/div&gt;
  &lt;/div&gt;
&lt;/div&gt;Home</searchcontent>
  <statecode>0</statecode>
  <statuscode>1</statuscode>
</powerpagecomponent>