<powerpagecomponent powerpagecomponentid="60305312-07e7-0fb1-52ea-a98253535e95">
  <content>{
  "filecontent": null,
  "displayimageonly": false,
  "displayorder": 4,
  "displaypagechildlinks": false,
  "openinnewwindow": false,
  "pageid": "b42c895d-d955-c732-619b-d6ad360b39e3",
  "publishingstateid": "aa217ce8-6c3d-4c37-b8c3-106ded806681",
  "robotsfollowlink": true,
  "weblinksetid": "04bb0efb-56c0-4ec5-8984-6437ab9178aa"
}</content>
  <iscustomizable>1</iscustomizable>
  <name>New Claim</name>
  <powerpagecomponenttype>5</powerpagecomponenttype>
  <powerpagesiteid>
    <powerpagesiteid>3b333078-c2ee-4531-83b3-e4d54db17a49</powerpagesiteid>
  </powerpagesiteid>
  <statecode>0</statecode>
  <statuscode>1</statuscode>
</powerpagecomponent>