<customapi uniquename="contoso_BulkComplianceCheck">
  <allowedcustomprocessingsteptype>0</allowedcustomprocessingsteptype>
  <bindingtype>0</bindingtype>
  <description default="Validates compliance status for multiple vendors in a single call, checking documents, SAM status, debarment, OSHA violations, and ERP status">
    <label description="Validates compliance status for multiple vendors in a single call, checking documents, SAM status, debarment, OSHA violations, and ERP status" languagecode="1033" />
  </description>
  <displayname default="Bulk Compliance Check">
    <label description="Bulk Compliance Check" languagecode="1033" />
  </displayname>
  <iscustomizable>1</iscustomizable>
  <isfunction>0</isfunction>
  <isprivate>0</isprivate>
  <name>BulkComplianceCheck</name>
  <plugintypeid>
    <plugintypeexportkey>d6819424-8115-400b-84a8-e185f86420ba</plugintypeexportkey>
  </plugintypeid>
  <workflowsdkstepenabled>0</workflowsdkstepenabled>
</customapi>