<powerpagecomponent powerpagecomponentid="f8c50276-c6e4-4551-9c59-a2cd413e8e6b">
  <content>{
  "display_name": "Search/Title",
  "value": "&lt;span&gt;Search&lt;/span&gt;"
}</content>
  <iscustomizable>1</iscustomizable>
  <name>Search/Title</name>
  <powerpagecomponenttype>7</powerpagecomponenttype>
  <powerpagesiteid>
    <powerpagesiteid>3b333078-c2ee-4531-83b3-e4d54db17a49</powerpagesiteid>
  </powerpagesiteid>
  <powerpagesitelanguageid>
    <powerpagesitelanguageid>3cfb219d-9d01-4312-acc1-a2b76755e01c</powerpagesitelanguageid>
  </powerpagesitelanguageid>
  <statecode>0</statecode>
  <statuscode>1</statuscode>
</powerpagecomponent>