<powerpagecomponent powerpagecomponentid="4931c7b4-ce7b-4f6d-bfb1-c1bc3995c977">
  <content>{
  "display_name": "Header/Search/ToolTip",
  "value": "Search"
}</content>
  <iscustomizable>1</iscustomizable>
  <name>Header/Search/ToolTip</name>
  <powerpagecomponenttype>7</powerpagecomponenttype>
  <powerpagesiteid>
    <powerpagesiteid>3b333078-c2ee-4531-83b3-e4d54db17a49</powerpagesiteid>
  </powerpagesiteid>
  <powerpagesitelanguageid>
    <powerpagesitelanguageid>3cfb219d-9d01-4312-acc1-a2b76755e01c</powerpagesitelanguageid>
  </powerpagesitelanguageid>
  <statecode>0</statecode>
  <statuscode>1</statuscode>
</powerpagecomponent>