<powerpagecomponent powerpagecomponentid="04bb0efb-56c0-4ec5-8984-6437ab9178aa">
  <content>{
  "display_name": "Default",
  "publishingstateid": "aa217ce8-6c3d-4c37-b8c3-106ded806681"
}</content>
  <iscustomizable>1</iscustomizable>
  <name>Default</name>
  <powerpagecomponenttype>4</powerpagecomponenttype>
  <powerpagesiteid>
    <powerpagesiteid>3b333078-c2ee-4531-83b3-e4d54db17a49</powerpagesiteid>
  </powerpagesiteid>
  <powerpagesitelanguageid>
    <powerpagesitelanguageid>3cfb219d-9d01-4312-acc1-a2b76755e01c</powerpagesitelanguageid>
  </powerpagesitelanguageid>
  <statecode>0</statecode>
  <statuscode>1</statuscode>
</powerpagecomponent>