<powerpagecomponent powerpagecomponentid="44732d15-6b46-4fbd-8f7e-e95b44f73b11">
  <content>{
  "enablerating": false,
  "enabletracking": false,
  "excludefromsearch": false,
  "hiddenfromsitemap": true,
  "isroot": true,
  "pagetemplateid": "d02723f7-8e1b-4806-8d34-e3b8cca4f5f6",
  "parentpageid": "0cce02fb-9453-4d98-b30c-d1401c8a59cb",
  "partialurl": "search",
  "publishingstateid": "aa217ce8-6c3d-4c37-b8c3-106ded806681",
  "sharedpageconfiguration": false
}</content>
  <iscustomizable>1</iscustomizable>
  <name>Search</name>
  <powerpagecomponenttype>2</powerpagecomponenttype>
  <powerpagesiteid>
    <powerpagesiteid>3b333078-c2ee-4531-83b3-e4d54db17a49</powerpagesiteid>
  </powerpagesiteid>
  <searchcontent>Search</searchcontent>
  <statecode>0</statecode>
  <statuscode>1</statuscode>
</powerpagecomponent>