<powerpagecomponent powerpagecomponentid="93719e39-df86-4b85-9cdb-36507d61750d">
  <content>{
  "description": "Set whether the header web template is output cached.",
  "value": "True"
}</content>
  <iscustomizable>1</iscustomizable>
  <name>Header/OutputCache/Enabled</name>
  <powerpagecomponenttype>9</powerpagecomponenttype>
  <powerpagesiteid>
    <powerpagesiteid>3b333078-c2ee-4531-83b3-e4d54db17a49</powerpagesiteid>
  </powerpagesiteid>
  <statecode>0</statecode>
  <statuscode>1</statuscode>
</powerpagecomponent>