<powerpagecomponent powerpagecomponentid="665a4a2e-1adf-f011-8543-000d3a326d87">
  <content>{
  "value": "new_claimtimeline1,new_claim,new_eventtype,new_eventdescription,new_eventdetails,new_eventdate,new_customervisible"
}</content>
  <iscustomizable>1</iscustomizable>
  <name>Webapi/new_claimtimeline/fields</name>
  <powerpagecomponenttype>9</powerpagecomponenttype>
  <powerpagesiteid>
    <powerpagesiteid>3b333078-c2ee-4531-83b3-e4d54db17a49</powerpagesiteid>
  </powerpagesiteid>
  <statecode>0</statecode>
  <statuscode>1</statuscode>
</powerpagecomponent>