<desktopflowbinary desktopflowbinaryid="e67cffb9-8686-49ce-8520-460693ad2f94">
  <data mimetype="application/json">ControlRepository_e007164c-30aa-4d32-9a4e-1e8c697a091f.json</data>
  <iscustomizable>1</iscustomizable>
  <metadata>{}</metadata>
  <mimetype>application/json</mimetype>
  <name>Desktop flow ui elements</name>
  <process>
    <workflowid>c5cf5a63-1df9-4016-b9a6-853bf3a92694</workflowid>
  </process>
  <reference>controlRepo.appmask</reference>
  <statecode>0</statecode>
  <statuscode>1</statuscode>
  <type>ControlRepository</type>
</desktopflowbinary>