<powerpagecomponent powerpagecomponentid="b29159f9-ec0e-49f3-ada6-3f69bc8d892c">
  <content>{
  "managecontentsnippets": true,
  "managesitemarkers": true,
  "manageweblinksets": true,
  "previewunpublishedentities": true,
  "adx_websiteaccess_webrole": [
    "77950059-e9dd-4b34-af88-484dafc41805"
  ]
}</content>
  <iscustomizable>1</iscustomizable>
  <name>Administrative permissions for Blank Template</name>
  <powerpagecomponenttype>12</powerpagecomponenttype>
  <powerpagesiteid>
    <powerpagesiteid>3b333078-c2ee-4531-83b3-e4d54db17a49</powerpagesiteid>
  </powerpagesiteid>
  <statecode>0</statecode>
  <statuscode>1</statuscode>
</powerpagecomponent>