<powerpagecomponent powerpagecomponentid="4e9a67cb-81df-f011-8543-000d3a326d87">
  <content>{
  "value": "fullname,contactid,firstname,lastname",
  "source": 0
}</content>
  <iscustomizable>1</iscustomizable>
  <name>Webapi/contact/fields</name>
  <powerpagecomponenttype>9</powerpagecomponenttype>
  <powerpagesiteid>
    <powerpagesiteid>3b333078-c2ee-4531-83b3-e4d54db17a49</powerpagesiteid>
  </powerpagesiteid>
  <statecode>0</statecode>
  <statuscode>1</statuscode>
</powerpagecomponent>