<customapirequestparameter uniquename="IncludeHistoricalTrend">
  <description default="Whether to include historical trend analysis in the risk factors">
    <label description="Whether to include historical trend analysis in the risk factors" languagecode="1033" />
  </description>
  <displayname default="Include Historical Trend">
    <label description="Include Historical Trend" languagecode="1033" />
  </displayname>
  <iscustomizable>1</iscustomizable>
  <isoptional>1</isoptional>
  <name>IncludeHistoricalTrend</name>
  <type>0</type>
</customapirequestparameter>