<powerpagecomponent powerpagecomponentid="d02723f7-8e1b-4806-8d34-e3b8cca4f5f6">
  <content>{
  "entityname": "adx_webpage",
  "isdefault": false,
  "rewriteurl": "~/Pages/Search.aspx",
  "usewebsiteheaderandfooter": true,
  "webtemplateid": "0032f384-8ed6-4a0a-aee3-0f14fd42efa3"
}</content>
  <iscustomizable>1</iscustomizable>
  <name>Search</name>
  <powerpagecomponenttype>6</powerpagecomponenttype>
  <powerpagesiteid>
    <powerpagesiteid>3b333078-c2ee-4531-83b3-e4d54db17a49</powerpagesiteid>
  </powerpagesiteid>
  <statecode>0</statecode>
  <statuscode>1</statuscode>
</powerpagecomponent>