<powerpagecomponent powerpagecomponentid="a1b2c3d4-e5f6-4a5b-8c9d-0e1f2a3b4c5d">
  <content>{
  "displayorder": 3,
  "enablerating": false,
  "enabletracking": false,
  "excludefromsearch": false,
  "hiddenfromsitemap": false,
  "isroot": true,
  "pagetemplateid": "e41713bc-ab4c-4fee-b59d-b482b3090934",
  "parentpageid": "0cce02fb-9453-4d98-b30c-d1401c8a59cb",
  "partialurl": "claims-dashboard",
  "publishingstateid": "aa217ce8-6c3d-4c37-b8c3-106ded806681",
  "sharedpageconfiguration": false,
  "title": "Claims Dashboard"
}</content>
  <iscustomizable>1</iscustomizable>
  <name>Claims Dashboard</name>
  <powerpagecomponenttype>2</powerpagecomponenttype>
  <powerpagesiteid>
    <powerpagesiteid>3b333078-c2ee-4531-83b3-e4d54db17a49</powerpagesiteid>
  </powerpagesiteid>
  <searchcontent>Claims DashboardClaims Dashboard</searchcontent>
  <statecode>0</statecode>
  <statuscode>1</statuscode>
</powerpagecomponent>