<powerpagecomponent powerpagecomponentid="0e84ad17-ab1c-4d1a-b207-458e1e0b30b1">
  <content>{
  "description": "Set whether the footer web template is output cached.",
  "value": "True"
}</content>
  <iscustomizable>1</iscustomizable>
  <name>Footer/OutputCache/Enabled</name>
  <powerpagecomponenttype>9</powerpagecomponenttype>
  <powerpagesiteid>
    <powerpagesiteid>3b333078-c2ee-4531-83b3-e4d54db17a49</powerpagesiteid>
  </powerpagesiteid>
  <statecode>0</statecode>
  <statuscode>1</statuscode>
</powerpagecomponent>