<powerpagecomponent powerpagecomponentid="63aa3e0e-d4fe-4100-bac0-584cc3017ad9">
  <content>{
  "description": "Site setting that determines if the language code is included in the portal URL.",
  "value": "False"
}</content>
  <iscustomizable>1</iscustomizable>
  <name>MultiLanguage/DisplayLanguageCodeInURL</name>
  <powerpagecomponenttype>9</powerpagecomponenttype>
  <powerpagesiteid>
    <powerpagesiteid>3b333078-c2ee-4531-83b3-e4d54db17a49</powerpagesiteid>
  </powerpagesiteid>
  <statecode>0</statecode>
  <statuscode>1</statuscode>
</powerpagecomponent>