<powerpagecomponent powerpagecomponentid="2b0bf5e3-e0f4-415b-af01-4f0a6dd3b962">
  <content>{
  "managecontentsnippets": false,
  "managesitemarkers": false,
  "manageweblinksets": false,
  "previewunpublishedentities": true
}</content>
  <iscustomizable>1</iscustomizable>
  <name>Preview permission for Blank Template</name>
  <powerpagecomponenttype>12</powerpagecomponenttype>
  <powerpagesiteid>
    <powerpagesiteid>3b333078-c2ee-4531-83b3-e4d54db17a49</powerpagesiteid>
  </powerpagesiteid>
  <statecode>0</statecode>
  <statuscode>1</statuscode>
</powerpagecomponent>