<powerpagecomponent powerpagecomponentid="957655f6-19df-f011-8543-000d3a326d87">
  <content>{
  "value": "new_policy,new_incidentdate,new_claimtype,new_incidentlocation,new_description,new_estimatedamount,new_customer,new_policyidtext,new_customeridtext,new_digitalsignature,createdon,new_claimid,new_claimnumber,statuscode,new_approvedamount",
  "source": 0
}</content>
  <iscustomizable>1</iscustomizable>
  <name>Webapi/new_claim/fields</name>
  <powerpagecomponenttype>9</powerpagecomponenttype>
  <powerpagesiteid>
    <powerpagesiteid>3b333078-c2ee-4531-83b3-e4d54db17a49</powerpagesiteid>
  </powerpagesiteid>
  <statecode>0</statecode>
  <statuscode>1</statuscode>
</powerpagecomponent>