<powerpagecomponent powerpagecomponentid="b42c895d-d955-c732-619b-d6ad360b39e3">
  <content>{
  "filecontent": null,
  "displayorder": 4,
  "enablerating": false,
  "enabletracking": false,
  "excludefromsearch": false,
  "hiddenfromsitemap": true,
  "isroot": true,
  "pagetemplateid": "e41713bc-ab4c-4fee-b59d-b482b3090934",
  "parentpageid": "0cce02fb-9453-4d98-b30c-d1401c8a59cb",
  "partialurl": "new-claim",
  "publishingstateid": "aa217ce8-6c3d-4c37-b8c3-106ded806681",
  "sharedpageconfiguration": false,
  "summary": "&lt;p&gt;This is a sample landing page designed to be a starting point for your website&lt;/p&gt;",
  "title": "New Claim"
}</content>
  <iscustomizable>1</iscustomizable>
  <name>New Claim</name>
  <powerpagecomponenttype>2</powerpagecomponenttype>
  <powerpagesiteid>
    <powerpagesiteid>3b333078-c2ee-4531-83b3-e4d54db17a49</powerpagesiteid>
  </powerpagesiteid>
  <searchcontent>New ClaimNew Claim</searchcontent>
  <statecode>0</statecode>
  <statuscode>1</statuscode>
</powerpagecomponent>