<botcomponent_workflowset>
  <botcomponent_workflow botcomponentid.schemaname="cre4a_customerFeedbackAssistant.action.Copilot-CheckFeedbackStatus" workflowid.workflowid="cb184c54-f6cf-f011-bbd3-000d3a326d87">
    <iscustomizable>1</iscustomizable>
  </botcomponent_workflow>
  <botcomponent_workflow botcomponentid.schemaname="cre4a_customerFeedbackAssistant.action.Copilot-CreateFeedbackRecord" workflowid.workflowid="26566fbf-ddcf-f011-bbd3-000d3a326d87">
    <iscustomizable>1</iscustomizable>
  </botcomponent_workflow>
</botcomponent_workflowset>