<powerpagecomponent powerpagecomponentid="f091087f-08f8-43eb-884a-0771601dac6f">
  <content>{
  "displayorder": 10,
  "enabletracking": false,
  "excludefromsearch": true,
  "hiddenfromsitemap": false,
  "parentpageid": "0cce02fb-9453-4d98-b30c-d1401c8a59cb",
  "partialurl": "portalbasictheme.css",
  "publishingstateid": "aa217ce8-6c3d-4c37-b8c3-106ded806681"
}</content>
  <filecontent mimetype="application/octet-stream">portalbasictheme.css</filecontent>
  <iscustomizable>1</iscustomizable>
  <name>portalbasictheme.css</name>
  <powerpagecomponenttype>3</powerpagecomponenttype>
  <powerpagesiteid>
    <powerpagesiteid>3b333078-c2ee-4531-83b3-e4d54db17a49</powerpagesiteid>
  </powerpagesiteid>
  <statecode>0</statecode>
  <statuscode>1</statuscode>
</powerpagecomponent>