<powerpagecomponent powerpagecomponentid="f9b2409c-14c4-4952-a5cc-9a772787144b">
  <content>{
  "anonymoususersrole": false,
  "authenticatedusersrole": true
}</content>
  <iscustomizable>1</iscustomizable>
  <name>Authenticated Users</name>
  <powerpagecomponenttype>11</powerpagecomponenttype>
  <powerpagesiteid>
    <powerpagesiteid>3b333078-c2ee-4531-83b3-e4d54db17a49</powerpagesiteid>
  </powerpagesiteid>
  <statecode>0</statecode>
  <statuscode>1</statuscode>
</powerpagecomponent>