<powerpagecomponent powerpagecomponentid="acbf20f8-8f91-468b-8632-8b6d4e11c54e">
  <content>{
  "display_name": "Footer",
  "type": 756150001,
  "value": "&lt;p&gt;&amp;copy; {{ now | date: 'yyyy' }} Apex Claims. All rights reserved.&lt;/p&gt;\n"
}</content>
  <iscustomizable>1</iscustomizable>
  <name>Footer</name>
  <powerpagecomponenttype>7</powerpagecomponenttype>
  <powerpagesiteid>
    <powerpagesiteid>3b333078-c2ee-4531-83b3-e4d54db17a49</powerpagesiteid>
  </powerpagesiteid>
  <powerpagesitelanguageid>
    <powerpagesitelanguageid>3cfb219d-9d01-4312-acc1-a2b76755e01c</powerpagesitelanguageid>
  </powerpagesitelanguageid>
  <statecode>0</statecode>
  <statuscode>1</statuscode>
</powerpagecomponent>