<powerpagecomponent powerpagecomponentid="6a386225-1bdf-f011-8543-000d3a326d87">
  <content>{
  "anonymoususersrole": false,
  "authenticatedusersrole": false,
  "description": "Internal staff who review and process claims"
}</content>
  <iscustomizable>1</iscustomizable>
  <name>Claims Adjuster</name>
  <powerpagecomponenttype>11</powerpagecomponenttype>
  <powerpagesiteid>
    <powerpagesiteid>3b333078-c2ee-4531-83b3-e4d54db17a49</powerpagesiteid>
  </powerpagesiteid>
  <statecode>0</statecode>
  <statuscode>1</statuscode>
</powerpagecomponent>