<customapirequestparameter uniquename="VendorIds">
  <description default="JSON array of vendor GUIDs to check (e.g., [&quot;guid1&quot;, &quot;guid2&quot;])">
    <label description="JSON array of vendor GUIDs to check (e.g., [&quot;guid1&quot;, &quot;guid2&quot;])" languagecode="1033" />
  </description>
  <displayname default="Vendor IDs">
    <label description="Vendor IDs" languagecode="1033" />
  </displayname>
  <iscustomizable>1</iscustomizable>
  <isoptional>0</isoptional>
  <name>VendorIds</name>
  <type>10</type>
</customapirequestparameter>