<powerpagecomponent powerpagecomponentid="c99952b1-1e91-4e06-a48b-3b40b793f97c">
  <content>{
  "description": "Setting controls whether attachments will be displayed on Knowledge articles",
  "value": "false"
}</content>
  <iscustomizable>1</iscustomizable>
  <name>KnowledgeManagement/DisplayNotes</name>
  <powerpagecomponenttype>9</powerpagecomponenttype>
  <powerpagesiteid>
    <powerpagesiteid>3b333078-c2ee-4531-83b3-e4d54db17a49</powerpagesiteid>
  </powerpagesiteid>
  <statecode>0</statecode>
  <statuscode>1</statuscode>
</powerpagecomponent>