<powerpagecomponent powerpagecomponentid="80a37626-8550-433d-9971-05b02a85545d">
  <content>{
  "displayorder": 1,
  "enabletracking": false,
  "excludefromsearch": true,
  "hiddenfromsitemap": true,
  "parentpageid": "0cce02fb-9453-4d98-b30c-d1401c8a59cb",
  "partialurl": "bootstrap.min.css",
  "publishingstateid": "aa217ce8-6c3d-4c37-b8c3-106ded806681"
}</content>
  <filecontent mimetype="application/octet-stream">bootstrap.min.css</filecontent>
  <iscustomizable>1</iscustomizable>
  <name>bootstrap.min.css</name>
  <powerpagecomponenttype>3</powerpagecomponenttype>
  <powerpagesiteid>
    <powerpagesiteid>3b333078-c2ee-4531-83b3-e4d54db17a49</powerpagesiteid>
  </powerpagesiteid>
  <statecode>0</statecode>
  <statuscode>1</statuscode>
</powerpagecomponent>