<powerpagecomponent powerpagecomponentid="6b15980a-1adf-f011-8543-000d3a326d87">
  <content>{
  "value": "new_documentname,new_claim,new_documenttype,new_claimidtext,new_file,new_filesize,new_mimetype,new_claimdocumentid",
  "source": 0
}</content>
  <iscustomizable>1</iscustomizable>
  <name>Webapi/new_claimdocument/fields</name>
  <powerpagecomponenttype>9</powerpagecomponenttype>
  <powerpagesiteid>
    <powerpagesiteid>3b333078-c2ee-4531-83b3-e4d54db17a49</powerpagesiteid>
  </powerpagesiteid>
  <statecode>0</statecode>
  <statuscode>1</statuscode>
</powerpagecomponent>