{
  "properties": {
    "connectionReferences": {
      "shared_commondataserviceforapps": {
        "runtimeSource": "embedded",
        "connection": {
          "connectionReferenceLogicalName": "new_sharedcommondataserviceforapps_3034a"
        },
        "api": {
          "name": "shared_commondataserviceforapps"
        }
      },
      "shared_office365": {
        "runtimeSource": "embedded",
        "connection": {
          "connectionReferenceLogicalName": "new_sharedoffice365_d9ec4"
        },
        "api": {
          "name": "shared_office365"
        }
      }
    },
    "definition": {
      "$schema": "https://schema.management.azure.com/providers/Microsoft.Logic/schemas/2016-06-01/workflowdefinition.json#",
      "contentVersion": "1.0.0.0",
      "parameters": {
        "$connections": {
          "defaultValue": {},
          "type": "Object"
        },
        "$authentication": {
          "defaultValue": {},
          "type": "SecureObject"
        },
        "FraudDetectionApiUrl (new_FraudDetectionApiUrl)": {
          "defaultValue": "https://insureclaimpro-func.azurewebsites.net/api/fraud/detect",
          "type": "String",
          "metadata": {
            "schemaName": "new_FraudDetectionApiUrl"
          }
        },
        "Fraud Detection API Key (new_frauddetectionapikey)": {
          "defaultValue": "1aH-CMgKv6rxqeqYEAwwDr-njcFXgt3fgxo6ESSszSg_AzFuva3eNw==",
          "type": "String",
          "metadata": {
            "schemaName": "new_frauddetectionapikey"
          }
        }
      },
      "triggers": {
        "When_Claim_is_Submitted": {
          "metadata": {
            "operationMetadataId": "153d7ee3-067e-4514-b3ba-13eb4520bd65"
          },
          "type": "OpenApiConnectionWebhook",
          "inputs": {
            "host": {
              "connectionName": "shared_commondataserviceforapps",
              "operationId": "SubscribeWebhookTrigger",
              "apiId": "/providers/Microsoft.PowerApps/apis/shared_commondataserviceforapps"
            },
            "parameters": {
              "subscriptionRequest/message": 4,
              "subscriptionRequest/entityname": "new_claim",
              "subscriptionRequest/scope": 4,
              "subscriptionRequest/filteringattributes": "statuscode",
              "subscriptionRequest/filterexpression": "statuscode eq 100000003"
            },
            "authentication": "@parameters('$authentication')"
          }
        }
      },
      "actions": {
        "Get_Claim_Details": {
          "runAfter": {
            "Delay": [
              "Succeeded"
            ]
          },
          "metadata": {
            "operationMetadataId": "09d198d3-2ca2-445d-b347-542ad44c9801"
          },
          "type": "OpenApiConnection",
          "inputs": {
            "host": {
              "connectionName": "shared_commondataserviceforapps",
              "operationId": "GetItem",
              "apiId": "/providers/Microsoft.PowerApps/apis/shared_commondataserviceforapps"
            },
            "parameters": {
              "entityName": "new_claims",
              "recordId": "@triggerOutputs()?['body/new_claimid']"
            },
            "authentication": "@parameters('$authentication')"
          }
        },
        "Get_Policy": {
          "runAfter": {
            "Get_Claim_Details": [
              "Succeeded"
            ]
          },
          "metadata": {
            "operationMetadataId": "6cd58a5b-2315-4fb4-bc73-1c5f708a4410"
          },
          "type": "OpenApiConnection",
          "inputs": {
            "host": {
              "connectionName": "shared_commondataserviceforapps",
              "operationId": "GetItem",
              "apiId": "/providers/Microsoft.PowerApps/apis/shared_commondataserviceforapps"
            },
            "parameters": {
              "entityName": "new_policies",
              "recordId": "@outputs('Get_Claim_Details')?['body/_new_policy_value']"
            },
            "authentication": "@parameters('$authentication')"
          }
        },
        "Check_Policy_Inactive": {
          "actions": {
            "Update_Claim_to_Rejected": {
              "runAfter": {},
              "metadata": {
                "operationMetadataId": "43c5c618-3d2a-4647-bf79-4c1ff5f88845"
              },
              "type": "OpenApiConnection",
              "inputs": {
                "host": {
                  "connectionName": "shared_commondataserviceforapps",
                  "operationId": "UpdateOnlyRecord",
                  "apiId": "/providers/Microsoft.PowerApps/apis/shared_commondataserviceforapps"
                },
                "parameters": {
                  "entityName": "new_claims",
                  "recordId": "@outputs('Get_Claim_Details')?['body/new_claimid']",
                  "item/statecode": 1,
                  "item/statuscode": 2
                },
                "authentication": "@parameters('$authentication')"
              }
            },
            "Send_an_email_(V2)": {
              "runAfter": {
                "Update_Claim_to_Rejected": [
                  "Succeeded"
                ]
              },
              "metadata": {
                "operationMetadataId": "c50b41b5-432a-4cd9-9609-3475280cffec"
              },
              "type": "OpenApiConnection",
              "inputs": {
                "host": {
                  "connectionName": "shared_office365",
                  "operationId": "SendEmailV2",
                  "apiId": "/providers/Microsoft.PowerApps/apis/shared_office365"
                },
                "parameters": {
                  "emailMessage/To": "@outputs('Get_Customer')?['body/emailaddress1']",
                  "emailMessage/Subject": "Claim @{outputs('Update_Claim_to_Rejected')?['body/new_claimnumber']} - Policy Issue",
                  "emailMessage/Body": "<p>Your claim could not be processed because your policy is not active. Please contact support.</p>",
                  "emailMessage/Importance": "Normal"
                },
                "authentication": "@parameters('$authentication')"
              }
            },
            "Terminate": {
              "runAfter": {
                "Send_an_email_(V2)": [
                  "Succeeded"
                ]
              },
              "metadata": {
                "operationMetadataId": "53928c9f-b20b-4f63-a3b9-1c98c634f4a2"
              },
              "type": "Terminate",
              "inputs": {
                "runStatus": "Succeeded"
              }
            }
          },
          "runAfter": {
            "Get_Customer": [
              "Succeeded"
            ]
          },
          "else": {
            "actions": {
              "Call_Fraud_Detection_API": {
                "runAfter": {},
                "metadata": {
                  "operationMetadataId": "4d807743-7a57-4997-be78-89d92350d98f"
                },
                "type": "Http",
                "inputs": {
                  "method": "POST",
                  "uri": "@parameters('FraudDetectionApiUrl (new_FraudDetectionApiUrl)')",
                  "headers": {
                    "Content-Type": "application/json",
                    "x-functions-key": "@parameters('Fraud Detection API Key (new_frauddetectionapikey)')"
                  },
                  "body": {
                    "claimId": "@{outputs('Get_Claim_Details')?['body/new_claimnumber']}",
                    "policyId": "@{outputs('Get_Policy')?['body/new_policynumber']}",
                    "claimType": "@{outputs('Get_Claim_Details')?['body/new_claimtype@OData.Community.Display.V1.FormattedValue']}",
                    "amount": "@outputs('Get_Claim_Details')?['body/new_estimatedamount']",
                    "location": "@{outputs('Get_Claim_Details')?['body/new_incidentlocation']}",
                    "incidentDate": "@{outputs('Get_Claim_Details')?['body/new_incidentdate']}",
                    "description": "@{outputs('Get_Claim_Details')?['body/new_description']}"
                  }
                }
              },
              "Parse_Fraud_Response": {
                "runAfter": {
                  "Call_Fraud_Detection_API": [
                    "Succeeded"
                  ]
                },
                "metadata": {
                  "operationMetadataId": "085fec17-6beb-4bde-92aa-9f7ed4b3d1a6"
                },
                "type": "ParseJson",
                "inputs": {
                  "content": "@body('Call_Fraud_Detection_API')",
                  "schema": {
                    "type": "object",
                    "properties": {
                      "riskScore": {
                        "type": "integer"
                      },
                      "riskFactors": {
                        "type": "array",
                        "items": {
                          "type": "string"
                        }
                      },
                      "recommendation": {
                        "type": "string"
                      },
                      "assessmentId": {
                        "type": "string"
                      },
                      "timestamp": {
                        "type": "string"
                      }
                    }
                  }
                }
              },
              "Weather_Placeholder": {
                "runAfter": {
                  "Determine_Priority": [
                    "Succeeded"
                  ]
                },
                "metadata": {
                  "operationMetadataId": "fd0a49d6-b6d3-43d1-a0d8-506cfabcf268"
                },
                "type": "Compose",
                "inputs": {
                  "weather": "Data not available"
                }
              },
              "Update_Claim_Fraud_Score": {
                "runAfter": {
                  "Weather_Placeholder": [
                    "Succeeded"
                  ]
                },
                "metadata": {
                  "operationMetadataId": "4fb28922-a4d2-4421-a240-7e448722841d"
                },
                "type": "OpenApiConnection",
                "inputs": {
                  "host": {
                    "connectionName": "shared_commondataserviceforapps",
                    "operationId": "UpdateOnlyRecord",
                    "apiId": "/providers/Microsoft.PowerApps/apis/shared_commondataserviceforapps"
                  },
                  "parameters": {
                    "entityName": "new_claims",
                    "recordId": "@outputs('Get_Claim_Details')?['body/new_claimid']",
                    "item/new_fraudriskfactors": "@replace(\r\n  replace(\r\n    replace(\r\n      string(body('Parse_Fraud_Response')?['riskFactors']),\r\n      '[\"',\r\n      ''\r\n    ),\r\n    '\"]',\r\n    ''\r\n  ),\r\n  '\",\"',\r\n  ', '\r\n)",
                    "item/new_fraudriskscore": "@body('Parse_Fraud_Response')?['riskScore']"
                  },
                  "authentication": "@parameters('$authentication')"
                }
              },
              "Check_if_Urgent": {
                "actions": {
                  "Create_Timeline_Event_High_Risk": {
                    "runAfter": {
                      "Update_Claim_Status_to_Fraud_Review": [
                        "Succeeded"
                      ]
                    },
                    "metadata": {
                      "operationMetadataId": "9a464811-ecc7-43bc-acf5-4823c2f42fbf"
                    },
                    "type": "OpenApiConnection",
                    "inputs": {
                      "host": {
                        "connectionName": "shared_commondataserviceforapps",
                        "operationId": "CreateRecord",
                        "apiId": "/providers/Microsoft.PowerApps/apis/shared_commondataserviceforapps"
                      },
                      "parameters": {
                        "entityName": "new_claimtimelines",
                        "item/new_customervisible": false,
                        "item/new_eventdate": "@utcNow()",
                        "item/new_eventdescription": "Claim flagged for fraud review. Risk score: @{body('Parse_Fraud_Response')?['riskScore']}",
                        "item/new_eventtype": 100000003,
                        "item/new_Claim@odata.bind": "new_claims(@{outputs('Get_Claim_Details')?['body/new_claimid']})",
                        "item/new_eventname": "Flagged for Fraud Review"
                      },
                      "authentication": "@parameters('$authentication')"
                    }
                  },
                  "SLA_Due_Date_in_2_Days": {
                    "runAfter": {},
                    "metadata": {
                      "operationMetadataId": "a0f1d2c4-59d6-4909-b4ce-e37cf7e75a79"
                    },
                    "type": "SetVariable",
                    "inputs": {
                      "name": "SLA Due Date",
                      "value": "@{addDays(utcNow(), 2)}"
                    }
                  },
                  "Update_Claim_Status_to_Fraud_Review": {
                    "runAfter": {
                      "SLA_Due_Date_in_2_Days": [
                        "Succeeded"
                      ]
                    },
                    "metadata": {
                      "operationMetadataId": "db880575-fa1e-49d9-b56a-a9d1d75aa125"
                    },
                    "type": "OpenApiConnection",
                    "inputs": {
                      "host": {
                        "connectionName": "shared_commondataserviceforapps",
                        "operationId": "UpdateOnlyRecord",
                        "apiId": "/providers/Microsoft.PowerApps/apis/shared_commondataserviceforapps"
                      },
                      "parameters": {
                        "entityName": "new_claims",
                        "recordId": "@outputs('Get_Claim_Details')?['body/new_claimid']",
                        "item/ownerid@odata.bind": "systemusers(@{outputs('Selected_Adjuster')})",
                        "item/new_priority": "@outputs('Determine_Priority')",
                        "item/new_sladuedate": "@variables('SLA Due Date')",
                        "item/statecode": 0,
                        "item/statuscode": 100000002
                      },
                      "authentication": "@parameters('$authentication')"
                    }
                  },
                  "Create_Fraud_Investigation_Task": {
                    "runAfter": {
                      "Create_Timeline_Event_High_Risk": [
                        "Succeeded"
                      ]
                    },
                    "metadata": {
                      "operationMetadataId": "c7f7206c-2d62-4e3d-a228-e85770925a23"
                    },
                    "type": "OpenApiConnection",
                    "inputs": {
                      "host": {
                        "connectionName": "shared_commondataserviceforapps",
                        "operationId": "CreateRecord",
                        "apiId": "/providers/Microsoft.PowerApps/apis/shared_commondataserviceforapps"
                      },
                      "parameters": {
                        "entityName": "tasks",
                        "item/subject": "@concat('Fraud Investigation Required: ', body('Get_Claim_Details')?['new_claimnumber'])",
                        "item/description": "@concat(\n  '<div style=\"font-family: Segoe UI, Arial, sans-serif; font-size: 14px;\">',\n  \n  '<p style=\"background-color: #FEF3C7; border-left: 4px solid #F59E0B; padding: 12px; margin-bottom: 16px;\">',\n  '<strong>This claim has been flagged for fraud investigation.</strong></p>',\n  \n  '<table style=\"width: 100%; border-collapse: collapse; margin-bottom: 16px;\">',\n  \n  '<tr><td style=\"padding: 8px 12px; border-bottom: 1px solid #E5E7EB; width: 160px; font-weight: bold;\">Claim Number</td>',\n  '<td style=\"padding: 8px 12px; border-bottom: 1px solid #E5E7EB;\">', body('Get_Claim_Details')?['new_claimnumber'], '</td></tr>',\n  \n  '<tr><td style=\"padding: 8px 12px; border-bottom: 1px solid #E5E7EB; font-weight: bold;\">Risk Score</td>',\n  '<td style=\"padding: 8px 12px; border-bottom: 1px solid #E5E7EB;\">',\n  '<span style=\"background-color: ',\n  if(greater(body('Parse_Fraud_Response')?['riskScore'], 75), '#B91C1C', \n    if(greater(body('Parse_Fraud_Response')?['riskScore'], 50), '#C2410C', \n      if(greater(body('Parse_Fraud_Response')?['riskScore'], 30), '#CA8A04', '#15803D'))),\n  '; color: white; padding: 4px 12px; border-radius: 20px;\">', \n  body('Parse_Fraud_Response')?['riskScore'], ' / 100</span></td></tr>',\n  \n  '<tr><td style=\"padding: 8px 12px; border-bottom: 1px solid #E5E7EB; font-weight: bold;\">Claim Type</td>',\n  '<td style=\"padding: 8px 12px; border-bottom: 1px solid #E5E7EB;\">', body('Get_Claim_Details')?['new_claimtype@OData.Community.Display.V1.FormattedValue'], '</td></tr>',\n  \n  '<tr><td style=\"padding: 8px 12px; border-bottom: 1px solid #E5E7EB; font-weight: bold;\">Estimated Amount</td>',\n  '<td style=\"padding: 8px 12px; border-bottom: 1px solid #E5E7EB;\">$', body('Get_Claim_Details')?['new_estimatedamount'], '</td></tr>',\n  \n  '<tr><td style=\"padding: 8px 12px; border-bottom: 1px solid #E5E7EB; font-weight: bold;\">Incident Date</td>',\n  '<td style=\"padding: 8px 12px; border-bottom: 1px solid #E5E7EB;\">', formatDateTime(body('Get_Claim_Details')?['new_incidentdate'], 'dd/MM/yyyy HH:mm'), '</td></tr>',\n  \n  '<tr><td style=\"padding: 8px 12px; border-bottom: 1px solid #E5E7EB; font-weight: bold;\">Location</td>',\n  '<td style=\"padding: 8px 12px; border-bottom: 1px solid #E5E7EB;\">', body('Get_Claim_Details')?['new_incidentlocation'], '</td></tr>',\n  \n  '</table>',\n  \n  '<p style=\"margin-bottom: 8px;\"><strong>Risk Factors Identified:</strong></p>',\n  '<ul style=\"margin: 0 0 16px 0; padding-left: 24px;\">',\n  '<li>',\n  replace(replace(replace(string(body('Parse_Fraud_Response')?['riskFactors']), '[\"', ''), '\"]', ''), '\",\"', '</li><li>'),\n  '</li></ul>',\n  \n  '<p style=\"padding: 12px; background-color: #F3F4F6; border-radius: 4px;\">',\n  '<strong>Action Required:</strong> Please review the claim details and complete the fraud assessment within the due date.</p>',\n  \n  '</div>'\n)",
                        "item/scheduledend": "@addDays(utcNow(), 2)",
                        "item/ownerid_task@odata.bind": "systemusers(@{outputs('Get_Policy')?['body/_ownerid_value']})",
                        "item/prioritycode": 2,
                        "item/regardingobjectid_new_claim_task@odata.bind": "new_claims(@{triggerOutputs()?['body/new_claimid']})",
                        "item/statuscode": 2
                      },
                      "authentication": "@parameters('$authentication')"
                    }
                  }
                },
                "runAfter": {
                  "Selected_Adjuster": [
                    "Succeeded"
                  ]
                },
                "else": {
                  "actions": {
                    "Update_Claim_with_Adjuster": {
                      "runAfter": {
                        "Check_if_High": [
                          "Succeeded"
                        ]
                      },
                      "metadata": {
                        "operationMetadataId": "ffe74e11-be15-4d6d-b467-e35efb83ceec"
                      },
                      "type": "OpenApiConnection",
                      "inputs": {
                        "host": {
                          "connectionName": "shared_commondataserviceforapps",
                          "operationId": "UpdateOnlyRecord",
                          "apiId": "/providers/Microsoft.PowerApps/apis/shared_commondataserviceforapps"
                        },
                        "parameters": {
                          "entityName": "new_claims",
                          "recordId": "@outputs('Get_Claim_Details')?['body/new_claimid']",
                          "item/ownerid@odata.bind": "systemusers(@{outputs('Selected_Adjuster')})",
                          "item/new_priority": "@outputs('Determine_Priority')",
                          "item/new_sladuedate": "@variables('SLA Due Date')",
                          "item/statecode": 0,
                          "item/statuscode": 100000001
                        },
                        "authentication": "@parameters('$authentication')"
                      }
                    },
                    "Create_Timeline_Event": {
                      "runAfter": {
                        "Update_Claim_with_Adjuster": [
                          "Succeeded"
                        ]
                      },
                      "metadata": {
                        "operationMetadataId": "d0d88eb9-3304-47eb-bcfa-f3df303d464d"
                      },
                      "type": "OpenApiConnection",
                      "inputs": {
                        "host": {
                          "connectionName": "shared_commondataserviceforapps",
                          "operationId": "CreateRecord",
                          "apiId": "/providers/Microsoft.PowerApps/apis/shared_commondataserviceforapps"
                        },
                        "parameters": {
                          "entityName": "new_claimtimelines",
                          "item/new_customervisible": true,
                          "item/new_eventdate": "@utcNow()",
                          "item/new_eventdescription": "Your claim has been received and assigned to an adjuster.",
                          "item/new_eventtype": 100000000,
                          "item/new_Claim@odata.bind": "new_claims(@{outputs('Get_Claim_Details')?['body/new_claimid']})",
                          "item/new_eventname": "Claim Submitted and Assigned"
                        },
                        "authentication": "@parameters('$authentication')"
                      }
                    },
                    "Send_Confirmation_Email": {
                      "runAfter": {
                        "Create_Timeline_Event": [
                          "Succeeded"
                        ]
                      },
                      "metadata": {
                        "operationMetadataId": "a38fc8eb-8370-40e1-a0a8-73ccd2986326"
                      },
                      "type": "OpenApiConnection",
                      "inputs": {
                        "host": {
                          "connectionName": "shared_office365",
                          "operationId": "SendEmailV2",
                          "apiId": "/providers/Microsoft.PowerApps/apis/shared_office365"
                        },
                        "parameters": {
                          "emailMessage/To": "@outputs('Get_Customer')?['body/emailaddress1']",
                          "emailMessage/Subject": "Claim @{outputs('Get_Claim_Details')?['body/new_claimnumber']} Received",
                          "emailMessage/Body": "<p>Your claim has been received. Expected resolution by @{formatDateTime(variables('SLA Due Date'), 'yyyy-MM-dd')}</p>",
                          "emailMessage/Importance": "Normal"
                        },
                        "authentication": "@parameters('$authentication')"
                      }
                    },
                    "Check_if_High": {
                      "actions": {
                        "SLA_Due_Date_in_5_Days": {
                          "runAfter": {},
                          "metadata": {
                            "operationMetadataId": "44a10865-9748-413e-8363-ccf9d57766da"
                          },
                          "type": "SetVariable",
                          "inputs": {
                            "name": "SLA Due Date",
                            "value": "@{addDays(utcNow(), 5)}"
                          }
                        }
                      },
                      "runAfter": {},
                      "else": {
                        "actions": {
                          "SLA_Due_Date_in_7_Days": {
                            "runAfter": {},
                            "metadata": {
                              "operationMetadataId": "a3e7b034-8a96-4fad-9d36-29d6784c5014"
                            },
                            "type": "SetVariable",
                            "inputs": {
                              "name": "SLA Due Date",
                              "value": "@{addDays(utcNow(), 7)}"
                            }
                          }
                        }
                      },
                      "expression": {
                        "greater": [
                          "@body('Parse_Fraud_Response')?['riskScore']",
                          50
                        ]
                      },
                      "metadata": {
                        "operationMetadataId": "0e5e6b8b-633c-4c94-84ec-3839eaaacf0b"
                      },
                      "type": "If"
                    }
                  }
                },
                "expression": {
                  "greater": [
                    "@body('Parse_Fraud_Response')?['riskScore']",
                    75
                  ]
                },
                "metadata": {
                  "operationMetadataId": "e50f8434-ce14-4411-ac50-e6c9070488d3"
                },
                "type": "If"
              },
              "Determine_Priority": {
                "runAfter": {
                  "Parse_Fraud_Response": [
                    "Succeeded"
                  ]
                },
                "metadata": {
                  "operationMetadataId": "87d9a2ec-5365-4063-b56b-8c87bc267895"
                },
                "type": "Compose",
                "inputs": "@if(greater(body('Parse_Fraud_Response')?['riskScore'], 75), 100000002, if(greater(body('Parse_Fraud_Response')?['riskScore'], 50), 100000001, 100000000))"
              },
              "Get_Adjusters": {
                "runAfter": {
                  "Create_Fraud_Assessment": [
                    "Succeeded"
                  ]
                },
                "metadata": {
                  "operationMetadataId": "4ac321af-9d54-43bf-9b65-c8517a102ce2"
                },
                "type": "OpenApiConnection",
                "inputs": {
                  "host": {
                    "connectionName": "shared_commondataserviceforapps",
                    "operationId": "ListRecords",
                    "apiId": "/providers/Microsoft.PowerApps/apis/shared_commondataserviceforapps"
                  },
                  "parameters": {
                    "entityName": "systemusers",
                    "$filter": "isdisabled eq false"
                  },
                  "authentication": "@parameters('$authentication')"
                }
              },
              "Selected_Adjuster": {
                "runAfter": {
                  "Get_Adjusters": [
                    "Succeeded"
                  ]
                },
                "metadata": {
                  "operationMetadataId": "fbe2063b-e115-409a-a0c3-15db15e33bd4"
                },
                "type": "Compose",
                "inputs": "@first(outputs('Get_Adjusters')?['body/value'])?['systemuserid']"
              },
              "Create_Fraud_Assessment": {
                "runAfter": {
                  "Update_Claim_Fraud_Score": [
                    "Succeeded"
                  ]
                },
                "metadata": {
                  "operationMetadataId": "2f180580-12b2-4a14-aaed-cea77e7a5be7"
                },
                "type": "OpenApiConnection",
                "inputs": {
                  "host": {
                    "connectionName": "shared_commondataserviceforapps",
                    "operationId": "CreateRecord",
                    "apiId": "/providers/Microsoft.PowerApps/apis/shared_commondataserviceforapps"
                  },
                  "parameters": {
                    "entityName": "new_fraudassessments",
                    "item/new_assessmentdate": "@utcNow()",
                    "item/new_Claim@odata.bind": "new_claims(@{outputs('Update_Claim_Fraud_Score')?['body/new_claimid']})",
                    "item/new_fraudassessment1": "@concat('FA-', formatDateTime(utcNow(), 'yyyyMMdd'), '-', body('Get_Claim_Details')?['new_claimnumber'])",
                    "item/new_recommendedaction": "@if(greater(body('Parse_Fraud_Response')?['riskScore'], 75), 100000002, if(greater(body('Parse_Fraud_Response')?['riskScore'], 30), 100000001, 100000000))",
                    "item/new_reviewstatus": "@if(greater(body('Parse_Fraud_Response')?['riskScore'], 75), 100000001, 100000000)",
                    "item/new_riskscore": "@body('Parse_Fraud_Response')?['riskScore']",
                    "item/new_riskfactors": "@replace(\n  replace(\n    replace(\n      string(body('Parse_Fraud_Response')?['riskFactors']),\n      '[\"',\n      ''\n    ),\n    '\"]',\n    ''\n  ),\n  '\",\"',\n  ', '\n)"
                  },
                  "authentication": "@parameters('$authentication')"
                }
              }
            }
          },
          "expression": {
            "not": {
              "equals": [
                "@outputs('Get_Policy')?['body/statecode']",
                0
              ]
            }
          },
          "metadata": {
            "operationMetadataId": "ccfe8db2-d81d-4dda-a87f-f2b8c47c74b3"
          },
          "type": "If"
        },
        "Get_Customer": {
          "runAfter": {
            "Get_Policy": [
              "Succeeded"
            ]
          },
          "metadata": {
            "operationMetadataId": "a7aab385-04c8-4f02-9396-8c7361f2233f"
          },
          "type": "OpenApiConnection",
          "inputs": {
            "host": {
              "connectionName": "shared_commondataserviceforapps",
              "operationId": "GetItem",
              "apiId": "/providers/Microsoft.PowerApps/apis/shared_commondataserviceforapps"
            },
            "parameters": {
              "entityName": "contacts",
              "recordId": "@outputs('Get_Claim_Details')?['body/_new_customer_value']"
            },
            "authentication": "@parameters('$authentication')"
          }
        },
        "SLA_Due_Date": {
          "runAfter": {},
          "metadata": {
            "operationMetadataId": "8276ce2f-0e93-44c4-b019-40fe481bf15f"
          },
          "type": "InitializeVariable",
          "inputs": {
            "variables": [
              {
                "name": "SLA Due Date",
                "type": "string"
              }
            ]
          }
        },
        "Delay": {
          "runAfter": {
            "SLA_Due_Date": [
              "Succeeded"
            ]
          },
          "metadata": {
            "operationMetadataId": "397eac4d-89f6-4eab-ad9a-69944b58455b"
          },
          "type": "Wait",
          "inputs": {
            "interval": {
              "count": 20,
              "unit": "Second"
            }
          }
        }
      }
    },
    "templateName": ""
  },
  "schemaVersion": "1.0.0.0"
}