{
  "properties": {
    "connectionReferences": {
      "shared_commondataserviceforapps": {
        "runtimeSource": "embedded",
        "connection": {
          "connectionReferenceLogicalName": "new_sharedcommondataserviceforapps_3034a"
        },
        "api": {
          "name": "shared_commondataserviceforapps"
        }
      }
    },
    "definition": {
      "$schema": "https://schema.management.azure.com/providers/Microsoft.Logic/schemas/2016-06-01/workflowdefinition.json#",
      "contentVersion": "1.0.0.0",
      "parameters": {
        "$connections": {
          "defaultValue": {},
          "type": "Object"
        },
        "$authentication": {
          "defaultValue": {},
          "type": "SecureObject"
        }
      },
      "triggers": {
        "When_Damage_Photo_is_uploaded": {
          "metadata": {
            "operationMetadataId": "a3ff8015-9775-46a7-8b15-cd00637b7f30"
          },
          "type": "OpenApiConnectionWebhook",
          "inputs": {
            "host": {
              "connectionName": "shared_commondataserviceforapps",
              "operationId": "SubscribeWebhookTrigger",
              "apiId": "/providers/Microsoft.PowerApps/apis/shared_commondataserviceforapps"
            },
            "parameters": {
              "subscriptionRequest/message": 3,
              "subscriptionRequest/entityname": "new_claimdocument",
              "subscriptionRequest/scope": 4,
              "subscriptionRequest/filteringattributes": "new_file",
              "subscriptionRequest/filterexpression": "new_documenttype eq 100000000"
            },
            "authentication": "@parameters('$authentication')"
          }
        }
      },
      "actions": {
        "Check_File_Exists": {
          "actions": {
            "Terminate": {
              "runAfter": {},
              "metadata": {
                "operationMetadataId": "f4f68697-1348-455c-a7cd-b9f213cf6546"
              },
              "type": "Terminate",
              "inputs": {
                "runStatus": "Succeeded"
              }
            }
          },
          "runAfter": {},
          "else": {
            "actions": {
              "Delay_for_Upload": {
                "runAfter": {},
                "metadata": {
                  "operationMetadataId": "d912b66b-6097-4d94-9e96-46aae0e5c1ad"
                },
                "type": "Wait",
                "inputs": {
                  "interval": {
                    "count": 10,
                    "unit": "Second"
                  }
                }
              },
              "Try_-_AI_Analysis": {
                "actions": {
                  "Get_Document": {
                    "runAfter": {},
                    "metadata": {
                      "operationMetadataId": "83550efb-66a3-4abb-909a-8fcf29107845"
                    },
                    "type": "OpenApiConnection",
                    "inputs": {
                      "host": {
                        "connectionName": "shared_commondataserviceforapps",
                        "operationId": "GetItem",
                        "apiId": "/providers/Microsoft.PowerApps/apis/shared_commondataserviceforapps"
                      },
                      "parameters": {
                        "entityName": "new_claimdocuments",
                        "recordId": "@triggerOutputs()?['body/new_claimdocumentid']"
                      },
                      "authentication": "@parameters('$authentication')"
                    }
                  },
                  "Get_Parent_Claim": {
                    "runAfter": {
                      "Get_Document": [
                        "Succeeded"
                      ]
                    },
                    "metadata": {
                      "operationMetadataId": "53d32386-7e35-4076-bb60-e93881356129"
                    },
                    "type": "OpenApiConnection",
                    "inputs": {
                      "host": {
                        "connectionName": "shared_commondataserviceforapps",
                        "operationId": "GetItem",
                        "apiId": "/providers/Microsoft.PowerApps/apis/shared_commondataserviceforapps"
                      },
                      "parameters": {
                        "entityName": "new_claims",
                        "recordId": "@outputs('Get_Document')?['body/_new_claim_value']"
                      },
                      "authentication": "@parameters('$authentication')"
                    }
                  },
                  "Get_File_Content": {
                    "runAfter": {
                      "Get_Parent_Claim": [
                        "Succeeded"
                      ]
                    },
                    "metadata": {
                      "operationMetadataId": "87637dda-2946-4a80-9903-54f8dfabd9ef"
                    },
                    "type": "OpenApiConnection",
                    "inputs": {
                      "host": {
                        "connectionName": "shared_commondataserviceforapps",
                        "operationId": "GetEntityFileImageFieldContent",
                        "apiId": "/providers/Microsoft.PowerApps/apis/shared_commondataserviceforapps"
                      },
                      "parameters": {
                        "entityName": "new_claimdocuments",
                        "recordId": "@triggerOutputs()?['body/new_claimdocumentid']",
                        "fileImageFieldName": "new_file"
                      },
                      "authentication": "@parameters('$authentication')"
                    }
                  },
                  "Analyze_Image": {
                    "runAfter": {
                      "Get_File_Content": [
                        "Succeeded"
                      ]
                    },
                    "metadata": {
                      "operationMetadataId": "5553f76e-7028-4c6e-975f-9fa8f47d5812"
                    },
                    "type": "Http",
                    "inputs": {
                      "method": "POST",
                      "uri": "https://australiaeast.api.cognitive.microsoft.com/vision/v3.2/analyze?visualFeatures=Objects,Tags,Description",
                      "headers": {
                        "Ocp-Apim-Subscription-Key": "AQgshPfL9yycKqGkqNYg4kQId2MMtwsSndbV6TNl17Mwg3guA6XjJQQJ99BLACL93NaXJ3w3AAAFACOGWBmz",
                        "Content-Type": "application/octet-stream"
                      },
                      "body": "@base64ToBinary(body('Get_File_Content')?['$content'])"
                    }
                  },
                  "Parse_Vision_Response": {
                    "runAfter": {
                      "Analyze_Image": [
                        "Succeeded"
                      ]
                    },
                    "metadata": {
                      "operationMetadataId": "88f48995-d60f-4594-8b64-4a447ddff74c"
                    },
                    "type": "ParseJson",
                    "inputs": {
                      "content": "@body('Analyze_Image')",
                      "schema": {
                        "type": "object",
                        "properties": {
                          "objects": {
                            "type": "array",
                            "items": {
                              "type": "object",
                              "properties": {
                                "object": {
                                  "type": "string"
                                },
                                "confidence": {
                                  "type": "number"
                                }
                              },
                              "required": [
                                "object",
                                "confidence"
                              ]
                            }
                          },
                          "tags": {
                            "type": "array",
                            "items": {
                              "type": "object",
                              "properties": {
                                "name": {
                                  "type": "string"
                                },
                                "confidence": {
                                  "type": "number"
                                }
                              },
                              "required": [
                                "name",
                                "confidence"
                              ]
                            }
                          },
                          "description": {
                            "type": "object",
                            "properties": {
                              "captions": {
                                "type": "array",
                                "items": {
                                  "type": "object",
                                  "properties": {
                                    "text": {
                                      "type": "string"
                                    },
                                    "confidence": {
                                      "type": "number"
                                    }
                                  },
                                  "required": [
                                    "text",
                                    "confidence"
                                  ]
                                }
                              }
                            }
                          }
                        }
                      }
                    }
                  },
                  "Calculate_Damage_Score": {
                    "runAfter": {
                      "Parse_Vision_Response": [
                        "Succeeded"
                      ]
                    },
                    "metadata": {
                      "operationMetadataId": "8aadfb4b-b0f4-42a5-a78c-93bc5e6440ad"
                    },
                    "type": "Compose",
                    "inputs": "@mul(length(body('Parse_Vision_Response')?['tags']), 8)"
                  },
                  "Determine_Severity": {
                    "runAfter": {
                      "Calculate_Damage_Score": [
                        "Succeeded"
                      ]
                    },
                    "metadata": {
                      "operationMetadataId": "bb1da76f-0e92-4823-9004-a2d5c4538635"
                    },
                    "type": "Compose",
                    "inputs": "@if(greater(outputs('Calculate_Damage_Score'), 75), 100000003, if(greater(outputs('Calculate_Damage_Score'), 50), 100000002, if(greater(outputs('Calculate_Damage_Score'), 25), 100000001, 100000000)))"
                  },
                  "Repair_Estimates": {
                    "runAfter": {
                      "Determine_Severity": [
                        "Succeeded"
                      ]
                    },
                    "metadata": {
                      "operationMetadataId": "5dbde8d1-6a30-4d9f-ad8d-9fdd63ed9456"
                    },
                    "type": "Compose",
                    "inputs": "@json(concat('{\"low\":', mul(outputs('Calculate_Damage_Score'), 100), ',\"high\":', mul(outputs('Calculate_Damage_Score'), 200), '}'))"
                  },
                  "Update_Document_with_AI_Results": {
                    "runAfter": {
                      "AI_Confidence_Score": [
                        "Succeeded"
                      ]
                    },
                    "metadata": {
                      "operationMetadataId": "7ce7d8c5-b6f9-46ae-a49e-4d6be93e965a"
                    },
                    "type": "OpenApiConnection",
                    "inputs": {
                      "host": {
                        "connectionName": "shared_commondataserviceforapps",
                        "operationId": "UpdateOnlyRecord",
                        "apiId": "/providers/Microsoft.PowerApps/apis/shared_commondataserviceforapps"
                      },
                      "parameters": {
                        "entityName": "new_claimdocuments",
                        "recordId": "@triggerOutputs()?['body/new_claimdocumentid']",
                        "item/new_aianalysisresult": "@string(body('Parse_Vision_Response'))",
                        "item/new_aiconfidencescore": "@outputs('AI_Confidence_Score')",
                        "item/new_aidamagescore": "@outputs('Calculate_Damage_Score')",
                        "item/new_aiestimatedhigh": "@outputs('Repair_Estimates')?['high']",
                        "item/new_aiestimatedlow": "@outputs('Repair_Estimates')?['low']",
                        "item/new_aiseverity": "@outputs('Determine_Severity')",
                        "item/new_processingstatus": 100000002
                      },
                      "authentication": "@parameters('$authentication')"
                    }
                  },
                  "Check_if_Severe": {
                    "actions": {
                      "Update_Claim_Priority": {
                        "runAfter": {},
                        "metadata": {
                          "operationMetadataId": "9f974560-af64-4266-bf17-9ec3056900c2"
                        },
                        "type": "OpenApiConnection",
                        "inputs": {
                          "host": {
                            "connectionName": "shared_commondataserviceforapps",
                            "operationId": "UpdateOnlyRecord",
                            "apiId": "/providers/Microsoft.PowerApps/apis/shared_commondataserviceforapps"
                          },
                          "parameters": {
                            "entityName": "new_claims",
                            "recordId": "@outputs('Get_Document')?['body/_new_claim_value']",
                            "item/new_priority": 100000001
                          },
                          "authentication": "@parameters('$authentication')"
                        }
                      },
                      "Update_Claim_Estimate_(if_higher)": {
                        "actions": {
                          "Update_Claim_Estimated_Amount": {
                            "runAfter": {},
                            "metadata": {
                              "operationMetadataId": "20a88030-aeba-4c64-b979-d81c299c487f"
                            },
                            "type": "OpenApiConnection",
                            "inputs": {
                              "host": {
                                "connectionName": "shared_commondataserviceforapps",
                                "operationId": "UpdateOnlyRecord",
                                "apiId": "/providers/Microsoft.PowerApps/apis/shared_commondataserviceforapps"
                              },
                              "parameters": {
                                "entityName": "new_claims",
                                "recordId": "@outputs('Get_Document')?['body/_new_claim_value']",
                                "item/new_estimatedamount": "@outputs('Repair_Estimates')?['high']"
                              },
                              "authentication": "@parameters('$authentication')"
                            }
                          }
                        },
                        "runAfter": {
                          "Update_Claim_Priority": [
                            "Succeeded"
                          ]
                        },
                        "expression": {
                          "greater": [
                            "@outputs('Repair_Estimates')?['high']",
                            "@outputs('Get_Parent_Claim')?['body/new_estimatedamount']"
                          ]
                        },
                        "metadata": {
                          "operationMetadataId": "3d26ac7c-021a-4602-9337-becd9cf9be9b"
                        },
                        "type": "If"
                      }
                    },
                    "runAfter": {
                      "Update_Document_with_AI_Results": [
                        "Succeeded"
                      ]
                    },
                    "expression": {
                      "greater": [
                        "@outputs('Calculate_Damage_Score')",
                        50
                      ]
                    },
                    "metadata": {
                      "operationMetadataId": "5dc6b6fc-5119-42cf-9817-c3feb5b816a9"
                    },
                    "type": "If"
                  },
                  "Create_Timeline_Event": {
                    "runAfter": {
                      "Check_if_Severe": [
                        "Succeeded"
                      ]
                    },
                    "metadata": {
                      "operationMetadataId": "6ab6d129-c93b-4a49-b0b6-eef94d29280a"
                    },
                    "type": "OpenApiConnection",
                    "inputs": {
                      "host": {
                        "connectionName": "shared_commondataserviceforapps",
                        "operationId": "CreateRecord",
                        "apiId": "/providers/Microsoft.PowerApps/apis/shared_commondataserviceforapps"
                      },
                      "parameters": {
                        "entityName": "new_claimtimelines",
                        "item/new_customervisible": false,
                        "item/new_eventdate": "@utcNow()",
                        "item/new_eventdescription": "Damage analysis complete. Severity: @{outputs('Determine_Severity')}",
                        "item/new_eventtype": 100000003,
                        "item/new_Claim@odata.bind": "new_claims(@{outputs('Get_Document')?['body/_new_claim_value']})",
                        "item/new_eventname": "AI Analysis Complete",
                        "item/new_performedbyname": "Azure Computer Vision Service"
                      },
                      "authentication": "@parameters('$authentication')"
                    }
                  },
                  "AI_Confidence_Score": {
                    "runAfter": {
                      "Repair_Estimates": [
                        "Succeeded"
                      ]
                    },
                    "metadata": {
                      "operationMetadataId": "8d3b2f8a-b94c-495f-a23e-1b9d45871128"
                    },
                    "type": "Compose",
                    "inputs": "@mul(body('Parse_Vision_Response')?['objects'][2]?['confidence'], 100)"
                  }
                },
                "runAfter": {
                  "Delay_for_Upload": [
                    "Succeeded"
                  ]
                },
                "metadata": {
                  "operationMetadataId": "a91c66bb-0f63-4d56-9a4f-9c664655fbe9"
                },
                "type": "Scope"
              },
              "Catch_-_AI_Error": {
                "actions": {
                  "Mark_Document_Processing_Failed": {
                    "runAfter": {},
                    "metadata": {
                      "operationMetadataId": "87ca5a98-b509-4cbb-80b5-5a4a157f7244"
                    },
                    "type": "OpenApiConnection",
                    "inputs": {
                      "host": {
                        "connectionName": "shared_commondataserviceforapps",
                        "operationId": "UpdateOnlyRecord",
                        "apiId": "/providers/Microsoft.PowerApps/apis/shared_commondataserviceforapps"
                      },
                      "parameters": {
                        "entityName": "new_claimdocuments",
                        "recordId": "@triggerOutputs()?['body/new_claimdocumentid']",
                        "item/new_processingerror": "Failed to analyze image",
                        "item/new_processingstatus": 100000003
                      },
                      "authentication": "@parameters('$authentication')"
                    }
                  }
                },
                "runAfter": {
                  "Try_-_AI_Analysis": [
                    "Failed",
                    "Skipped",
                    "TimedOut"
                  ]
                },
                "metadata": {
                  "operationMetadataId": "91156687-c594-46e1-9300-0983c60257fe"
                },
                "type": "Scope"
              }
            }
          },
          "expression": {
            "equals": [
              "@triggerOutputs()?['body/new_file']",
              "@null"
            ]
          },
          "metadata": {
            "operationMetadataId": "39f4d8bc-7999-4d2b-9ba9-ce16ef02366e"
          },
          "type": "If"
        }
      }
    },
    "templateName": ""
  },
  "schemaVersion": "1.0.0.0"
}