{
  "properties": {
    "connectionReferences": {
      "shared_commondataserviceforapps": {
        "runtimeSource": "embedded",
        "connection": {
          "connectionReferenceLogicalName": "new_sharedcommondataserviceforapps_3034a"
        },
        "api": {
          "name": "shared_commondataserviceforapps"
        }
      }
    },
    "definition": {
      "$schema": "https://schema.management.azure.com/providers/Microsoft.Logic/schemas/2016-06-01/workflowdefinition.json#",
      "contentVersion": "1.0.0.0",
      "parameters": {
        "$connections": {
          "defaultValue": {},
          "type": "Object"
        },
        "$authentication": {
          "defaultValue": {},
          "type": "SecureObject"
        }
      },
      "triggers": {
        "When_Claim_Created_with_Pending_Lookups": {
          "metadata": {
            "operationMetadataId": "2c579f1a-3b62-4f87-8ab1-e8de2fe20aba"
          },
          "type": "OpenApiConnectionWebhook",
          "inputs": {
            "host": {
              "connectionName": "shared_commondataserviceforapps",
              "operationId": "SubscribeWebhookTrigger",
              "apiId": "/providers/Microsoft.PowerApps/apis/shared_commondataserviceforapps"
            },
            "parameters": {
              "subscriptionRequest/message": 1,
              "subscriptionRequest/entityname": "new_claim",
              "subscriptionRequest/scope": 4,
              "subscriptionRequest/filterexpression": "new_policyidtext ne null and new_customeridtext ne null"
            },
            "authentication": "@parameters('$authentication')"
          }
        }
      },
      "actions": {
        "Set_Policy_Lookup": {
          "runAfter": {},
          "metadata": {
            "operationMetadataId": "ecb1cae6-c77e-4e55-96a5-aee3e72ddb15"
          },
          "type": "OpenApiConnection",
          "inputs": {
            "host": {
              "connectionName": "shared_commondataserviceforapps",
              "operationId": "UpdateOnlyRecord",
              "apiId": "/providers/Microsoft.PowerApps/apis/shared_commondataserviceforapps"
            },
            "parameters": {
              "entityName": "new_claims",
              "recordId": "@triggerOutputs()?['body/new_claimid']",
              "item/new_Customer@odata.bind": "contacts(@{triggerOutputs()?['body/new_customeridtext']})",
              "item/new_Policy@odata.bind": "new_policies(@{triggerOutputs()?['body/new_policyidtext']})"
            },
            "authentication": "@parameters('$authentication')"
          }
        }
      }
    },
    "templateName": ""
  },
  "schemaVersion": "1.0.0.0"
}