<powerpagecomponent powerpagecomponentid="e41713bc-ab4c-4fee-b59d-b482b3090934">
  <content>{
  "description": "Blank Template",
  "entityname": "adx_webpage",
  "isdefault": false,
  "type": 756150001,
  "usewebsiteheaderandfooter": true,
  "webtemplateid": "7cbb6e81-ab88-4157-9b5f-5f8c45d78ef8"
}</content>
  <iscustomizable>1</iscustomizable>
  <name>Default studio template</name>
  <powerpagecomponenttype>6</powerpagecomponenttype>
  <powerpagesiteid>
    <powerpagesiteid>3b333078-c2ee-4531-83b3-e4d54db17a49</powerpagesiteid>
  </powerpagesiteid>
  <statecode>0</statecode>
  <statuscode>1</statuscode>
</powerpagecomponent>