<powerpagecomponent powerpagecomponentid="0cce02fb-9453-4d98-b30c-d1401c8a59cb">
  <content>{
  "displayorder": 1,
  "enablerating": false,
  "enabletracking": false,
  "excludefromsearch": false,
  "feedbackpolicy": 756150005,
  "hiddenfromsitemap": false,
  "isroot": true,
  "pagetemplateid": "e41713bc-ab4c-4fee-b59d-b482b3090934",
  "partialurl": "/",
  "publishingstateid": "aa217ce8-6c3d-4c37-b8c3-106ded806681",
  "sharedpageconfiguration": false,
  "title": "Home"
}</content>
  <iscustomizable>1</iscustomizable>
  <name>Home</name>
  <powerpagecomponenttype>2</powerpagecomponenttype>
  <powerpagesiteid>
    <powerpagesiteid>3b333078-c2ee-4531-83b3-e4d54db17a49</powerpagesiteid>
  </powerpagesiteid>
  <searchcontent>HomeHome</searchcontent>
  <statecode>0</statecode>
  <statuscode>1</statuscode>
</powerpagecomponent>