<powerpagecomponent powerpagecomponentid="1264c054-8ccf-4dc2-9397-dc4ca3debfb4">
  <content>{
  "description": "This is the default studio template. Please do not modify.",
  "isdefault": false,
  "type": 756150001,
  "usewebsiteheaderandfooter": true,
  "webtemplateid": "7cbb6e81-ab88-4157-9b5f-5f8c45d78ef8"
}</content>
  <iscustomizable>1</iscustomizable>
  <name>AI Search PageTemplate</name>
  <powerpagecomponenttype>6</powerpagecomponenttype>
  <powerpagesiteid>
    <powerpagesiteid>3b333078-c2ee-4531-83b3-e4d54db17a49</powerpagesiteid>
  </powerpagesiteid>
  <statecode>0</statecode>
  <statuscode>1</statuscode>
</powerpagecomponent>