<powerpagecomponent powerpagecomponentid="b6c507b3-9c41-4dc5-887e-77213bc145ed">
  <content>{
  "description": "Used to group a set of entities under an entry in the record type facet view.",
  "value": "Downloads:annotation,adx_webfile"
}</content>
  <iscustomizable>1</iscustomizable>
  <name>Search/RecordTypeFacetsEntities</name>
  <powerpagecomponenttype>9</powerpagecomponenttype>
  <powerpagesiteid>
    <powerpagesiteid>3b333078-c2ee-4531-83b3-e4d54db17a49</powerpagesiteid>
  </powerpagesiteid>
  <statecode>0</statecode>
  <statuscode>1</statuscode>
</powerpagecomponent>