<customapiresponseproperty uniquename="RiskScore">
  <description default="Calculated risk score from 0-100 where higher values indicate greater risk">
    <label description="Calculated risk score from 0-100 where higher values indicate greater risk" languagecode="1033" />
  </description>
  <displayname default="Risk Score">
    <label description="Risk Score" languagecode="1033" />
  </displayname>
  <iscustomizable>1</iscustomizable>
  <name>RiskScore</name>
  <type>2</type>
</customapiresponseproperty>