<powerpagecomponent powerpagecomponentid="265b37a7-7437-4765-9a14-b46b3351ea9e">
  <content>{
  "entityname": "adx_webpage",
  "isdefault": false,
  "rewriteurl": "~/Pages/Profile.aspx",
  "usewebsiteheaderandfooter": true
}</content>
  <iscustomizable>1</iscustomizable>
  <name>Profile</name>
  <powerpagecomponenttype>6</powerpagecomponenttype>
  <powerpagesiteid>
    <powerpagesiteid>3b333078-c2ee-4531-83b3-e4d54db17a49</powerpagesiteid>
  </powerpagesiteid>
  <statecode>0</statecode>
  <statuscode>1</statuscode>
</powerpagecomponent>