<desktopflowbinary desktopflowbinaryid="31847641-357c-4bd5-b6ee-f559673202e7">
  <data mimetype="application/json">ManifestFile_31847641-357c-4bd5-b6ee-f559673202e7.json</data>
  <iscustomizable>1</iscustomizable>
  <metadata>{}</metadata>
  <mimetype>application/json</mimetype>
  <name>Desktop flow manifest file</name>
  <process>
    <workflowid>c5cf5a63-1df9-4016-b9a6-853bf3a92694</workflowid>
  </process>
  <reference>flow.manifest</reference>
  <statecode>0</statecode>
  <statuscode>1</statuscode>
  <type>ManifestFile</type>
</desktopflowbinary>