<desktopflowbinary desktopflowbinaryid="1ff5ca13-a2dc-4f6e-91ee-7f1192fca2b5">
  <data mimetype="application/json">ImageRepository_3e5e14ed-dfae-41d1-90bd-13b0d14dd14e.json</data>
  <iscustomizable>1</iscustomizable>
  <metadata>{}</metadata>
  <mimetype>application/json</mimetype>
  <name>Desktop flow images</name>
  <process>
    <workflowid>c5cf5a63-1df9-4016-b9a6-853bf3a92694</workflowid>
  </process>
  <reference>imageRepo.imgrepo</reference>
  <statecode>0</statecode>
  <statuscode>1</statuscode>
  <type>ImageRepository</type>
</desktopflowbinary>