<powerpagecomponent powerpagecomponentid="a93c9cbe-6123-425c-803e-d8ef1e08078a">
  <content>{
  "entityname": "adx_webpage",
  "isdefault": false,
  "rewriteurl": "~/Pages/AccessDenied.aspx",
  "usewebsiteheaderandfooter": true
}</content>
  <iscustomizable>1</iscustomizable>
  <name>Access Denied</name>
  <powerpagecomponenttype>6</powerpagecomponenttype>
  <powerpagesiteid>
    <powerpagesiteid>3b333078-c2ee-4531-83b3-e4d54db17a49</powerpagesiteid>
  </powerpagesiteid>
  <statecode>0</statecode>
  <statuscode>1</statuscode>
</powerpagecomponent>