<powerpagecomponent powerpagecomponentid="528fe9d8-1adf-f011-8543-000d3a326d87">
  <content>{
  "anonymoususersrole": false,
  "authenticatedusersrole": false,
  "description": "External customers who hold policies and file claims"
}</content>
  <iscustomizable>1</iscustomizable>
  <name>Policyholder</name>
  <powerpagecomponenttype>11</powerpagecomponenttype>
  <powerpagesiteid>
    <powerpagesiteid>3b333078-c2ee-4531-83b3-e4d54db17a49</powerpagesiteid>
  </powerpagesiteid>
  <statecode>0</statecode>
  <statuscode>1</statuscode>
</powerpagecomponent>