<environmentvariabledefinition schemaname="new_azuremapskey">
  <defaultvalue>F1TcJuHvZoJiRZdT6N2CxIklwKNh6oEp9dHSSQboPRI7cZoq36jzJQQJ99BLACNns7RRCyulAAAgAZMP27sT</defaultvalue>
  <displayname default="Azure Maps Key">
    <label description="Azure Maps Key" languagecode="1033" />
  </displayname>
  <introducedversion>1.0.0.0</introducedversion>
  <iscustomizable>1</iscustomizable>
  <isrequired>0</isrequired>
  <secretstore>0</secretstore>
  <type>100000000</type>
</environmentvariabledefinition>