{"CreatedEngineVersion":{"Major":2,"Minor":18,"Build":163,"Revision":25342,"MajorRevision":0,"MinorRevision":25342},"ModuleReferences":[{"AssemblyName":"Microsoft.Flow.RPA.Desktop.Modules.Folder.Actions","Name":"Folder","Id":"00000000-0000-0000-0000-000000000000","PublicKeyToken":"31bf3856ad364e35","Type":1,"Version":{"Major":1,"Minor":0,"Build":0,"Revision":0,"MajorRevision":0,"MinorRevision":0}},{"AssemblyName":"Microsoft.Flow.RPA.Desktop.Modules.PDF.Actions","Name":"Pdf","Id":"00000000-0000-0000-0000-000000000000","PublicKeyToken":"31bf3856ad364e35","Type":1,"Version":{"Major":1,"Minor":1,"Build":0,"Revision":0,"MajorRevision":0,"MinorRevision":0}},{"AssemblyName":"Microsoft.Flow.RPA.Desktop.Modules.Text.Actions","Name":"Text","Id":"00000000-0000-0000-0000-000000000000","PublicKeyToken":"31bf3856ad364e35","Type":1,"Version":{"Major":1,"Minor":3,"Build":0,"Revision":0,"MajorRevision":0,"MinorRevision":0}},{"AssemblyName":"Microsoft.Flow.RPA.Desktop.Modules.DateTime.Actions","Name":"DateTime","Id":"00000000-0000-0000-0000-000000000000","PublicKeyToken":"31bf3856ad364e35","Type":1,"Version":{"Major":1,"Minor":2,"Build":0,"Revision":0,"MajorRevision":0,"MinorRevision":0}},{"AssemblyName":"Microsoft.Flow.RPA.Desktop.Modules.Display.Actions","Name":"Display","Id":"00000000-0000-0000-0000-000000000000","PublicKeyToken":"31bf3856ad364e35","Type":1,"Version":{"Major":1,"Minor":1,"Build":0,"Revision":0,"MajorRevision":0,"MinorRevision":0}},{"AssemblyName":"Microsoft.Flow.RPA.Desktop.Modules.System.Actions","Name":"System","Id":"00000000-0000-0000-0000-000000000000","PublicKeyToken":"31bf3856ad364e35","Type":1,"Version":{"Major":1,"Minor":6,"Build":0,"Revision":0,"MajorRevision":0,"MinorRevision":0}}],"ConnectorReferences":[],"PowerFxEnabled":false,"EngineVersion":{"Major":2,"Minor":10,"Build":163,"Revision":25342,"MajorRevision":0,"MinorRevision":25342},"PowerFxVersion":{"Major":1,"Minor":10,"Build":20241004,"Revision":2,"MajorRevision":0,"MinorRevision":2}}