<powerpagecomponent powerpagecomponentid="def7d296-1adf-f011-8543-000d3a326d87">
  <content>{
  "append": true,
  "appendto": true,
  "create": true,
  "delete": false,
  "entitylogicalname": "new_claimdocument",
  "entityname": "Claim Document - Customer Access",
  "read": true,
  "scope": 756150000,
  "write": true,
  "adx_entitypermission_webrole": [
    "f9b2409c-14c4-4952-a5cc-9a772787144b",
    "528fe9d8-1adf-f011-8543-000d3a326d87"
  ]
}</content>
  <iscustomizable>1</iscustomizable>
  <name>Claim Document - Customer Access</name>
  <powerpagecomponenttype>18</powerpagecomponenttype>
  <powerpagesiteid>
    <powerpagesiteid>3b333078-c2ee-4531-83b3-e4d54db17a49</powerpagesiteid>
  </powerpagesiteid>
  <statecode>0</statecode>
  <statuscode>1</statuscode>
</powerpagecomponent>