<powerpagecomponent powerpagecomponentid="b7e77a7a-48e0-f011-8543-000d3a326d87">
  <content>{
  "right": 2,
  "scope": 1,
  "webpageid": "f5a6b7c8-d9e0-4f1a-2b3c-4d5e6f7a8b9c",
  "adx_webpageaccesscontrolrule_webrole": [
    "f9b2409c-14c4-4952-a5cc-9a772787144b",
    "528fe9d8-1adf-f011-8543-000d3a326d87",
    "6a386225-1bdf-f011-8543-000d3a326d87",
    "fd79d32c-1bdf-f011-8543-000d3a326d87"
  ]
}</content>
  <iscustomizable>1</iscustomizable>
  <name>Claim Detail - Authenticated Users</name>
  <powerpagecomponenttype>10</powerpagecomponenttype>
  <powerpagesiteid>
    <powerpagesiteid>3b333078-c2ee-4531-83b3-e4d54db17a49</powerpagesiteid>
  </powerpagesiteid>
  <statecode>0</statecode>
  <statuscode>1</statuscode>
</powerpagecomponent>