<powerpagecomponent powerpagecomponentid="dbfe2b64-19df-f011-8543-000d3a326d87">
  <content>{
  "botschemaname": "cre4a_ffaa1f2f-1ad5-4ef4-ab26-30b91cddbb45",
  "configjson": "{\"skillConfigViewName\":\"InsureClaim Pro bot Answers\"}"
}</content>
  <iscustomizable>1</iscustomizable>
  <name>Bot Consumer</name>
  <powerpagecomponenttype>27</powerpagecomponenttype>
  <powerpagesiteid>
    <powerpagesiteid>3b333078-c2ee-4531-83b3-e4d54db17a49</powerpagesiteid>
  </powerpagesiteid>
  <statecode>0</statecode>
  <statuscode>1</statuscode>
</powerpagecomponent>