<powerpagecomponent powerpagecomponentid="5dee5276-1adf-f011-8543-000d3a326d87">
  <content>{
  "append": true,
  "appendto": true,
  "create": true,
  "delete": false,
  "entitylogicalname": "new_claim",
  "entityname": "Claim - Customer CRUD",
  "read": true,
  "scope": 756150000,
  "write": true,
  "adx_entitypermission_webrole": [
    "528fe9d8-1adf-f011-8543-000d3a326d87",
    "f9b2409c-14c4-4952-a5cc-9a772787144b"
  ]
}</content>
  <iscustomizable>1</iscustomizable>
  <name>Claim - Customer CRUD</name>
  <powerpagecomponenttype>18</powerpagecomponenttype>
  <powerpagesiteid>
    <powerpagesiteid>3b333078-c2ee-4531-83b3-e4d54db17a49</powerpagesiteid>
  </powerpagesiteid>
  <statecode>0</statecode>
  <statuscode>1</statuscode>
</powerpagecomponent>