<powerpagecomponent powerpagecomponentid="190f9ae6-d988-45ec-a809-8590652c61fd">
  <content>{
  "description": "Sets whether or not the portal can redirect the user to the profile page after successful sign-in. By default, it is set to true.",
  "value": "true"
}</content>
  <iscustomizable>1</iscustomizable>
  <name>Authentication/Registration/ProfileRedirectEnabled</name>
  <powerpagecomponenttype>9</powerpagecomponenttype>
  <powerpagesiteid>
    <powerpagesiteid>3b333078-c2ee-4531-83b3-e4d54db17a49</powerpagesiteid>
  </powerpagesiteid>
  <statecode>0</statecode>
  <statuscode>1</statuscode>
</powerpagecomponent>