<aiskillconfig uniquename="ais_FormFillFieldOptOut_new_claim_new_policyidtext">
  <aiskill>FormFillFieldOptOut</aiskill>
  <attribute>
    <entityid.logicalname>new_claim</entityid.logicalname>
    <logicalname>new_policyidtext</logicalname>
  </attribute>
  <description>new_claim - Policy ID Text Form fill opt out</description>
  <entity>
    <logicalname>new_claim</logicalname>
  </entity>
  <iscustomizable>1</iscustomizable>
  <scope>1</scope>
  <statecode>0</statecode>
  <statuscode>1</statuscode>
</aiskillconfig>