<customapirequestparameter uniquename="AssessmentDate">
  <description default="The date to use for the risk assessment. Defaults to current date if not provided">
    <label description="The date to use for the risk assessment. Defaults to current date if not provided" languagecode="1033" />
  </description>
  <displayname default="Assessment Date">
    <label description="Assessment Date" languagecode="1033" />
  </displayname>
  <iscustomizable>1</iscustomizable>
  <isoptional>1</isoptional>
  <name>AssessmentDate</name>
  <type>1</type>
</customapirequestparameter>