<powerpagesitelanguages>
  <powerpagesitelanguage powerpagesitelanguageid="3cfb219d-9d01-4312-acc1-a2b76755e01c">
    <content>{"publishingstate":"aa217ce8-6c3d-4c37-b8c3-106ded806681"}</content>
    <displayname>English</displayname>
    <iscustomizable>1</iscustomizable>
    <languagecode>en-US</languagecode>
    <lcid>1033</lcid>
    <name>English</name>
    <powerpagesiteid>
      <powerpagesiteid>3b333078-c2ee-4531-83b3-e4d54db17a49</powerpagesiteid>
    </powerpagesiteid>
    <statecode>0</statecode>
    <statuscode>1</statuscode>
  </powerpagesitelanguage>
</powerpagesitelanguages>