<powerpagesites>
  <powerpagesite powerpagesiteid="3b333078-c2ee-4531-83b3-e4d54db17a49">
    <content>{
  "defaultbotconsumerid": "dbfe2b64-19df-f011-8543-000d3a326d87",
  "defaultlanguage": "3cfb219d-9d01-4312-acc1-a2b76755e01c",
  "footerwebtemplateid": "65d17135-1616-45cd-9766-9b6a4455adaa",
  "headerwebtemplateid": "eb55fd2d-76fa-4aab-ba6a-fa65fcffece7",
  "website_language": 1033
}</content>
    <datamodelversion>2.0</datamodelversion>
    <iscustomizable>1</iscustomizable>
    <name>InsureClaim Pro - insureclaimpro</name>
    <primarydomainname>insureclaimpro.powerappsportals.com</primarydomainname>
    <statecode>0</statecode>
    <statuscode>1</statuscode>
  </powerpagesite>
</powerpagesites>