<powerpagecomponent powerpagecomponentid="08f25cbf-89a1-4dc3-b2ac-fb71b5918484">
  <content>{
  "description": "Determines if faceted search is used for this portal.",
  "value": "True"
}</content>
  <iscustomizable>1</iscustomizable>
  <name>Search/FacetedView</name>
  <powerpagecomponenttype>9</powerpagecomponenttype>
  <powerpagesiteid>
    <powerpagesiteid>3b333078-c2ee-4531-83b3-e4d54db17a49</powerpagesiteid>
  </powerpagesiteid>
  <statecode>0</statecode>
  <statuscode>1</statuscode>
</powerpagecomponent>