{
  "properties": {
    "connectionReferences": {
      "shared_uiflow": {
        "runtimeSource": "embedded",
        "connection": {
          "connectionReferenceLogicalName": "contoso_shareduiflow_b1cc1"
        },
        "api": {
          "name": "shared_uiflow"
        }
      },
      "shared_sharepointonline": {
        "runtimeSource": "embedded",
        "connection": {
          "connectionReferenceLogicalName": "contoso_sharedsharepointonline_9fac3"
        },
        "api": {
          "name": "shared_sharepointonline"
        }
      },
      "shared_commondataserviceforapps": {
        "runtimeSource": "embedded",
        "connection": {
          "connectionReferenceLogicalName": "new_sharedcommondataserviceforapps_3034a"
        },
        "api": {
          "name": "shared_commondataserviceforapps"
        }
      },
      "shared_office365": {
        "runtimeSource": "embedded",
        "connection": {
          "connectionReferenceLogicalName": "new_sharedoffice365_d9ec4"
        },
        "api": {
          "name": "shared_office365"
        }
      }
    },
    "definition": {
      "$schema": "https://schema.management.azure.com/providers/Microsoft.Logic/schemas/2016-06-01/workflowdefinition.json#",
      "contentVersion": "1.0.0.0",
      "parameters": {
        "$connections": {
          "defaultValue": {},
          "type": "Object"
        },
        "$authentication": {
          "defaultValue": {},
          "type": "SecureObject"
        }
      },
      "triggers": {
        "Insurance_Certificate_Uploaded": {
          "recurrence": {
            "interval": 1,
            "frequency": "Minute"
          },
          "splitOn": "@triggerOutputs()?['body/value']",
          "metadata": {
            "operationMetadataId": "86bcfe94-e0e9-4b68-8c1d-cf40e112af2f"
          },
          "type": "OpenApiConnection",
          "inputs": {
            "host": {
              "connectionName": "shared_sharepointonline",
              "operationId": "GetOnUpdatedFileItems",
              "apiId": "/providers/Microsoft.PowerApps/apis/shared_sharepointonline"
            },
            "parameters": {
              "dataset": "https://67fz2c.sharepoint.com/sites/contosovendorportal",
              "table": "f2d7cac2-6df7-4fda-8d24-9ed8e1edecbc",
              "folderPath": "/Vendor Documents/Insurance Certificates"
            },
            "authentication": "@parameters('$authentication')"
          }
        }
      },
      "actions": {
        "RPA:_Extract_Insurance_Certificate_Data": {
          "runAfter": {
            "Get_file_metadata": [
              "Succeeded"
            ]
          },
          "metadata": {
            "operationMetadataId": "e8ec5666-baa3-4609-8061-ae01d6fbb606"
          },
          "type": "OpenApiConnection",
          "inputs": {
            "host": {
              "connectionName": "shared_uiflow",
              "operationId": "RunUIFlow_V2",
              "apiId": "/providers/Microsoft.PowerApps/apis/shared_uiflow"
            },
            "parameters": {
              "uiFlowId": "c5cf5a63-1df9-4016-b9a6-853bf3a92694",
              "runMode": "attended",
              "item/PDFFilePath": "@concat('C:\\PADDemo\\Insurance\\', triggerOutputs()?['body/{FilenameWithExtension}'])",
              "item/VendorId": "@split(triggerOutputs()?['body/{FilenameWithExtension}'], '_')[0]",
              "item/MinGLCoverage": 1000000,
              "item/MinWCCoverage": 500000
            },
            "authentication": "@parameters('$authentication')"
          }
        },
        "Get_PDF_File_Content_from_SharePoint": {
          "runAfter": {},
          "metadata": {
            "operationMetadataId": "e788b1a5-d9e5-48f3-89bb-85059bf112a4"
          },
          "type": "OpenApiConnection",
          "inputs": {
            "host": {
              "connectionName": "shared_sharepointonline",
              "operationId": "GetFileContent",
              "apiId": "/providers/Microsoft.PowerApps/apis/shared_sharepointonline"
            },
            "parameters": {
              "dataset": "https://67fz2c.sharepoint.com/sites/contosovendorportal",
              "id": "@triggerOutputs()?['body/{Identifier}']",
              "inferContentType": true
            },
            "authentication": "@parameters('$authentication')"
          }
        },
        "Parse_Extraction_Results": {
          "runAfter": {
            "RPA:_Extract_Insurance_Certificate_Data": [
              "Succeeded"
            ]
          },
          "metadata": {
            "operationMetadataId": "01c32654-f448-419b-8835-9a2e317baff7"
          },
          "type": "ParseJson",
          "inputs": {
            "content": "@outputs('RPA:_Extract_Insurance_Certificate_Data')?['body/ExtractionResult']",
            "schema": {
              "type": "object",
              "properties": {
                "vendorId": {
                  "type": "string"
                },
                "policyNumber": {
                  "type": "string"
                },
                "carrierName": {
                  "type": "string"
                },
                "glCoverageLimit": {
                  "type": "string"
                },
                "wcCoverageLimit": {
                  "type": "string"
                },
                "issueDate": {
                  "type": "string"
                },
                "expirationDate": {
                  "type": "string"
                },
                "validationPassed": {
                  "type": "string"
                },
                "validationErrors": {
                  "type": "string"
                }
              }
            }
          }
        },
        "Lookup_Vendor": {
          "runAfter": {
            "Parse_Extraction_Results": [
              "Succeeded"
            ]
          },
          "metadata": {
            "operationMetadataId": "7b04c4d3-e123-4ee8-bd80-ea8e012346b1"
          },
          "type": "OpenApiConnection",
          "inputs": {
            "host": {
              "connectionName": "shared_commondataserviceforapps",
              "operationId": "ListRecords",
              "apiId": "/providers/Microsoft.PowerApps/apis/shared_commondataserviceforapps"
            },
            "parameters": {
              "entityName": "contoso_vendors",
              "$filter": "@concat('contoso_vendornumber eq ''', body('Parse_Extraction_Results')?['vendorId'], '''')"
            },
            "authentication": "@parameters('$authentication')"
          }
        },
        "Apply_to_each": {
          "foreach": "@outputs('Lookup_Vendor')?['body/value']",
          "actions": {
            "Calculate_Vendor_Risk_Score": {
              "runAfter": {
                "Create_Compliance_Record": [
                  "Succeeded"
                ]
              },
              "metadata": {
                "operationMetadataId": "97ebaaca-ed59-49b0-bf6a-b8cadb6c46f1"
              },
              "type": "OpenApiConnection",
              "inputs": {
                "host": {
                  "connectionName": "shared_commondataserviceforapps",
                  "operationId": "PerformUnboundAction",
                  "apiId": "/providers/Microsoft.PowerApps/apis/shared_commondataserviceforapps"
                },
                "parameters": {
                  "actionName": "contoso_CalculateVendorRiskScore",
                  "item/VendorId": "@first(outputs('Lookup_Vendor')?['body/value'])?['contoso_vendorid']",
                  "item/AssessmentDate": "@utcNow()",
                  "item/IncludeHistoricalTrend": true
                },
                "authentication": "@parameters('$authentication')"
              }
            },
            "Create_Risk_Assessment_Record": {
              "runAfter": {
                "Calculate_Vendor_Risk_Score": [
                  "Succeeded"
                ]
              },
              "metadata": {
                "operationMetadataId": "e0cf0206-ac24-4b25-a433-80deb7df7a1e"
              },
              "type": "OpenApiConnection",
              "inputs": {
                "host": {
                  "connectionName": "shared_commondataserviceforapps",
                  "operationId": "CreateRecord",
                  "apiId": "/providers/Microsoft.PowerApps/apis/shared_commondataserviceforapps"
                },
                "parameters": {
                  "entityName": "contoso_riskassessments",
                  "item/contoso_assessmentdate": "@utcNow()",
                  "item/contoso_riskcategory": "@if(equals(outputs('Calculate_Vendor_Risk_Score')?['body/RiskCategory'], 'Low'), 100000000,\nif(equals(outputs('Calculate_Vendor_Risk_Score')?['body/RiskCategory'], 'Medium'), 100000001,\nif(equals(outputs('Calculate_Vendor_Risk_Score')?['body/RiskCategory'], 'High'), 100000002,\nif(equals(outputs('Calculate_Vendor_Risk_Score')?['body/RiskCategory'], 'Critical'), 100000003, 100000000))))",
                  "item/contoso_riskscore": "@outputs('Calculate_Vendor_Risk_Score')?['body/RiskScore']",
                  "item/Contoso_VendorId@odata.bind": "contoso_vendors(@{items('Apply_to_each')?['contoso_vendorid']})",
                  "item/contoso_assessmentnotes": "Automated assessment triggered by compliance document upload",
                  "item/contoso_assessmenttype": 100000002,
                  "item/contoso_compliancescore": "@outputs('Calculate_Vendor_Risk_Score')?['body/ComplianceScore']",
                  "item/contoso_documentationscore": "@outputs('Calculate_Vendor_Risk_Score')?['body/DocumentationScore']",
                  "item/contoso_nextreviewdate": "@outputs('Calculate_Vendor_Risk_Score')?['body/NextReviewDate']",
                  "item/contoso_paymentscore": "@outputs('Calculate_Vendor_Risk_Score')?['body/PaymentScore']",
                  "item/contoso_performedby": 100000000,
                  "item/contoso_previousriskcategory": "@if(empty(outputs('Calculate_Vendor_Risk_Score')?['body/PreviousRiskCategory']), null, if(equals(outputs('Calculate_Vendor_Risk_Score')?['body/PreviousRiskCategory'], 'Low'), 100000000, if(equals(outputs('Calculate_Vendor_Risk_Score')?['body/PreviousRiskCategory'], 'Medium'), 100000001, if(equals(outputs('Calculate_Vendor_Risk_Score')?['body/PreviousRiskCategory'], 'High'), 100000002, if(equals(outputs('Calculate_Vendor_Risk_Score')?['body/PreviousRiskCategory'], 'Critical'), 100000003, null)))))",
                  "item/contoso_previousriskscore": "@outputs('Calculate_Vendor_Risk_Score')?['body/PreviousRiskScore']",
                  "item/contoso_recommendations": "@outputs('Calculate_Vendor_Risk_Score')?['body/Recommendations']",
                  "item/contoso_riskfactors": "@outputs('Calculate_Vendor_Risk_Score')?['body/RiskFactors']",
                  "item/contoso_tenurescore": "@outputs('Calculate_Vendor_Risk_Score')?['body/TenureScore']"
                },
                "authentication": "@parameters('$authentication')"
              }
            },
            "Update_Vendor_Risk_Category": {
              "runAfter": {
                "Create_Risk_Assessment_Record": [
                  "Succeeded"
                ]
              },
              "metadata": {
                "operationMetadataId": "8f527b49-1ad1-4a1f-9986-38e6bd5c1fee"
              },
              "type": "OpenApiConnection",
              "inputs": {
                "host": {
                  "connectionName": "shared_commondataserviceforapps",
                  "operationId": "UpdateOnlyRecord",
                  "apiId": "/providers/Microsoft.PowerApps/apis/shared_commondataserviceforapps"
                },
                "parameters": {
                  "entityName": "contoso_vendors",
                  "recordId": "@items('Apply_to_each')?['contoso_vendorid']",
                  "item/contoso_riskcategory": "@if(equals(outputs('Calculate_Vendor_Risk_Score')?['body/RiskCategory'], 'Low'), 330650000, if(equals(outputs('Calculate_Vendor_Risk_Score')?['body/RiskCategory'], 'Medium'), 330650001, if(equals(outputs('Calculate_Vendor_Risk_Score')?['body/RiskCategory'], 'High'), 330650002, if(equals(outputs('Calculate_Vendor_Risk_Score')?['body/RiskCategory'], 'Critical'), 330650003, 330650000))))"
                },
                "authentication": "@parameters('$authentication')"
              }
            },
            "Update_Document_Record": {
              "runAfter": {
                "Update_Vendor_Risk_Category": [
                  "Succeeded"
                ]
              },
              "metadata": {
                "operationMetadataId": "f8ea0b71-b0f3-4502-8b72-d90a67832f3a"
              },
              "type": "OpenApiConnection",
              "inputs": {
                "host": {
                  "connectionName": "shared_commondataserviceforapps",
                  "operationId": "UpdateOnlyRecord",
                  "apiId": "/providers/Microsoft.PowerApps/apis/shared_commondataserviceforapps"
                },
                "parameters": {
                  "entityName": "contoso_documents",
                  "recordId": "@outputs('Create_Document_Record')?['body/contoso_documentid']",
                  "item/contoso_extractionerrors": "None",
                  "item/contoso_extractionresult": "@outputs('RPA:_Extract_Insurance_Certificate_Data')?['body/ExtractionResult']",
                  "item/contoso_isvalidated": "@if(equals(body('Parse_Extraction_Results')?['validationPassed'], 'True'), true, false)",
                  "item/Contoso_LinkedComplianceRecordId@odata.bind": "contoso_compliancerecords(@{outputs('Create_Compliance_Record')?['body/contoso_compliancerecordid']})",
                  "item/contoso_processeddate": "@utcNow()",
                  "item/contoso_processedstatus": 100000002,
                  "item/statecode": 0,
                  "item/statuscode": 330650002,
                  "item/contoso_validationdate": "@utcNow()",
                  "item/Contoso_VendorId@odata.bind": "contoso_vendors(@{items('Apply_to_each')?['contoso_vendorid']})"
                },
                "authentication": "@parameters('$authentication')"
              }
            },
            "Create_Document_Record": {
              "runAfter": {},
              "metadata": {
                "operationMetadataId": "3a98583c-6378-4014-8b1a-06c6e77c4424"
              },
              "type": "OpenApiConnection",
              "inputs": {
                "host": {
                  "connectionName": "shared_commondataserviceforapps",
                  "operationId": "CreateRecord",
                  "apiId": "/providers/Microsoft.PowerApps/apis/shared_commondataserviceforapps"
                },
                "parameters": {
                  "entityName": "contoso_documents",
                  "item/contoso_documenttype": 100000000,
                  "item/contoso_filename": "@triggerOutputs()?['body/{Name}']",
                  "item/contoso_fileextension": "@last(split(triggerOutputs()?['body/{FilenameWithExtension}'], '.'))",
                  "item/contoso_filesize": "@div(outputs('Get_file_metadata')?['body/Size'], 1024)",
                  "item/contoso_mimetype": "application/pdf",
                  "item/contoso_processedstatus": 100000000,
                  "item/contoso_sharepointitemid": "@triggerOutputs()?['body/ID']",
                  "item/contoso_sharepointlibrary": "Vendor Documents",
                  "item/contoso_sharepointurl": "@triggerOutputs()?['body/{Link}']",
                  "item/statuscode": 330650001,
                  "item/contoso_uploadsource": 100000006,
                  "item/Contoso_VendorId@odata.bind": "contoso_vendors(@{items('Apply_to_each')?['contoso_vendorid']})"
                },
                "authentication": "@parameters('$authentication')"
              }
            },
            "Create_Compliance_Record": {
              "runAfter": {
                "Create_Document_Record": [
                  "Succeeded"
                ]
              },
              "metadata": {
                "operationMetadataId": "49fc3609-45d5-48ec-b76b-0155ef688e5d"
              },
              "type": "OpenApiConnection",
              "inputs": {
                "host": {
                  "connectionName": "shared_commondataserviceforapps",
                  "operationId": "CreateRecord",
                  "apiId": "/providers/Microsoft.PowerApps/apis/shared_commondataserviceforapps"
                },
                "parameters": {
                  "entityName": "contoso_compliancerecords",
                  "item/contoso_compliancedoctype": 100000000,
                  "item/Contoso_Vendor@odata.bind": "contoso_vendors(@{items('Apply_to_each')?['contoso_vendorid']})",
                  "item/contoso_carrierissuer": "@body('Parse_Extraction_Results')?['carrierName']",
                  "item/contoso_certificatenumber": "@body('Parse_Extraction_Results')?['policyNumber']",
                  "item/contoso_documenturl": "@triggerOutputs()?['body/{Link}']",
                  "item/contoso_expirationdate": "@body('Parse_Extraction_Results')?['expirationDate']",
                  "item/contoso_extracteddata": "@outputs('RPA:_Extract_Insurance_Certificate_Data')?['body/ExtractionResult']",
                  "item/contoso_glcoveragelimit": "@body('Parse_Extraction_Results')?['glCoverageLimit']",
                  "item/contoso_issuedate": "@body('Parse_Extraction_Results')?['issueDate']",
                  "item/contoso_processeddate": "@utcnow()",
                  "item/contoso_processedstatus": 100000002,
                  "item/overriddencreatedon": "@utcnow()",
                  "item/contoso_sharepointitemid": "@triggerOutputs()?['body/ID']",
                  "item/Contoso_ValidatedBy@odata.bind": "systemusers(8be0a2ce-1cf1-f011-8407-0022480c50ed)",
                  "item/contoso_validateddate": "@utcnow()",
                  "item/contoso_validationnotes": "@body('Parse_Extraction_Results')?['validationErrors']",
                  "item/contoso_validationresult": "@if(equals(body('Parse_Extraction_Results')?['validationPassed'], 'True'), 100000000, 100000001)",
                  "item/contoso_wccoveragelimit": "@body('Parse_Extraction_Results')?['wcCoverageLimit']"
                },
                "authentication": "@parameters('$authentication')"
              }
            }
          },
          "runAfter": {
            "Lookup_Vendor": [
              "Succeeded"
            ]
          },
          "metadata": {
            "operationMetadataId": "df456a4d-eafc-4fd5-bb5a-a493435bd2c2"
          },
          "type": "Foreach"
        },
        "Is_Valid": {
          "actions": {
            "Notify:_Compliance_Validation_Failed": {
              "runAfter": {},
              "metadata": {
                "operationMetadataId": "d500ee9c-9b44-46dd-a97a-c290a8334181"
              },
              "type": "OpenApiConnection",
              "inputs": {
                "host": {
                  "connectionName": "shared_office365",
                  "operationId": "SendEmailV2",
                  "apiId": "/providers/Microsoft.PowerApps/apis/shared_office365"
                },
                "parameters": {
                  "emailMessage/To": "patrick.yifan96@67fz2c.onmicrosoft.com",
                  "emailMessage/Subject": "Compliance Validation Failed - @{body('Parse_Extraction_Results')?['vendorId']}",
                  "emailMessage/Body": "<p>Vendor: @{body('Parse_Extraction_Results')?['vendorId']}<br>\n<br>\nValidation Errors: @{body('Parse_Extraction_Results')?['validationErrors']}<br>\n<br>\nPolicy Number: @{body('Parse_Extraction_Results')?['policyNumber']}<br>\nCarrier: @{body('Parse_Extraction_Results')?['carrierName']}<br>\nGL Coverage: @{body('Parse_Extraction_Results')?['glCoverageLimit']}<br>\nWC Coverage: @{body('Parse_Extraction_Results')?['wcCoverageLimit']}<br>\nExpiration: @{body('Parse_Extraction_Results')?['expirationDate']}<br>\n<br>\nPlease review and take action.</p>",
                  "emailMessage/Importance": "Normal"
                },
                "authentication": "@parameters('$authentication')"
              }
            }
          },
          "runAfter": {
            "Apply_to_each": [
              "Succeeded"
            ]
          },
          "expression": {
            "equals": [
              "@body('Parse_Extraction_Results')?['validationPassed']",
              "False"
            ]
          },
          "metadata": {
            "operationMetadataId": "4f3407e3-74f4-4d20-9ca7-1e10a03b0650"
          },
          "type": "If"
        },
        "Get_file_metadata": {
          "runAfter": {
            "Get_PDF_File_Content_from_SharePoint": [
              "Succeeded"
            ]
          },
          "metadata": {
            "operationMetadataId": "806010ec-d5d6-4ec7-b8a2-ecd1db776953"
          },
          "type": "OpenApiConnection",
          "inputs": {
            "host": {
              "connectionName": "shared_sharepointonline",
              "operationId": "GetFileMetadata",
              "apiId": "/providers/Microsoft.PowerApps/apis/shared_sharepointonline"
            },
            "parameters": {
              "dataset": "https://67fz2c.sharepoint.com/sites/contosovendorportal",
              "id": "@triggerOutputs()?['body/{Identifier}']"
            },
            "authentication": "@parameters('$authentication')"
          }
        }
      }
    },
    "templateName": ""
  },
  "schemaVersion": "1.0.0.0"
}