<powerpagecomponent powerpagecomponentid="067719f0-2289-4905-b846-b27772dbc765">
  <content>{
  "description": "The Prefix entered here will be used to filter Notes Text, allowing you to control notes exposed on the Portal ex: *WEB*",
  "value": "*WEB*"
}</content>
  <iscustomizable>1</iscustomizable>
  <name>KnowledgeManagement/NotesFilter</name>
  <powerpagecomponenttype>9</powerpagecomponenttype>
  <powerpagesiteid>
    <powerpagesiteid>3b333078-c2ee-4531-83b3-e4d54db17a49</powerpagesiteid>
  </powerpagesiteid>
  <statecode>0</statecode>
  <statuscode>1</statuscode>
</powerpagecomponent>