<customapirequestparameter uniquename="VendorId">
  <description default="The GUID of the vendor record to calculate risk score for">
    <label description="The GUID of the vendor record to calculate risk score for" languagecode="1033" />
  </description>
  <displayname default="Vendor ID">
    <label description="Vendor ID" languagecode="1033" />
  </displayname>
  <iscustomizable>1</iscustomizable>
  <isoptional>0</isoptional>
  <name>VendorId</name>
  <type>12</type>
</customapirequestparameter>