<powerpagecomponent powerpagecomponentid="92578a12-8bec-47bc-8467-ad2457d032b6">
  <content>{
  "enablerating": false,
  "enabletracking": false,
  "excludefromsearch": true,
  "hiddenfromsitemap": true,
  "isroot": true,
  "pagetemplateid": "e41713bc-ab4c-4fee-b59d-b482b3090934",
  "parentpageid": "0cce02fb-9453-4d98-b30c-d1401c8a59cb",
  "partialurl": "page-not-found",
  "publishingstateid": "aa217ce8-6c3d-4c37-b8c3-106ded806681",
  "sharedpageconfiguration": false
}</content>
  <iscustomizable>1</iscustomizable>
  <name>Page Not Found</name>
  <powerpagecomponenttype>2</powerpagecomponenttype>
  <powerpagesiteid>
    <powerpagesiteid>3b333078-c2ee-4531-83b3-e4d54db17a49</powerpagesiteid>
  </powerpagesiteid>
  <searchcontent>Page Not Found</searchcontent>
  <statecode>0</statecode>
  <statuscode>1</statuscode>
</powerpagecomponent>