<ImportExportXml version="9.2.25112.171" SolutionPackageVersion="9.2" languagecode="1033" generatedBy="CrmLive" xmlns:xsi="http://www.w3.org/2001/XMLSchema-instance" OrganizationVersion="9.2.25112.171" OrganizationSchemaType="Standard" CRMServerServiceabilityVersion="9.2.25112.00171">
  <SolutionManifest>
    <UniqueName>DEMOSOLUTION10</UniqueName>
    <LocalizedNames>
      <LocalizedName description="DEMOSOLUTION1.0" languagecode="1033" />
    </LocalizedNames>
    <Descriptions />
    <Version>1.0.0.2</Version>
    <Managed>1</Managed>
    <Publisher>
      <UniqueName>DefaultPublisherorg22b59a4a</UniqueName>
      <LocalizedNames>
        <LocalizedName description="Default Publisher for org22b59a4a" languagecode="1033" />
      </LocalizedNames>
      <Descriptions>
        <Description description="Default publisher for this organization" languagecode="1033" />
      </Descriptions>
      <EMailAddress xsi:nil="true"></EMailAddress>
      <SupportingWebsiteUrl xsi:nil="true"></SupportingWebsiteUrl>
      <CustomizationPrefix>new</CustomizationPrefix>
      <CustomizationOptionValuePrefix>10000</CustomizationOptionValuePrefix>
      <Addresses>
        <Address>
          <AddressNumber>1</AddressNumber>
          <AddressTypeCode xsi:nil="true"></AddressTypeCode>
          <City xsi:nil="true"></City>
          <County xsi:nil="true"></County>
          <Country xsi:nil="true"></Country>
          <Fax xsi:nil="true"></Fax>
          <FreightTermsCode xsi:nil="true"></FreightTermsCode>
          <ImportSequenceNumber xsi:nil="true"></ImportSequenceNumber>
          <Latitude xsi:nil="true"></Latitude>
          <Line1 xsi:nil="true"></Line1>
          <Line2 xsi:nil="true"></Line2>
          <Line3 xsi:nil="true"></Line3>
          <Longitude xsi:nil="true"></Longitude>
          <Name xsi:nil="true"></Name>
          <PostalCode xsi:nil="true"></PostalCode>
          <PostOfficeBox xsi:nil="true"></PostOfficeBox>
          <PrimaryContactName xsi:nil="true"></PrimaryContactName>
          <ShippingMethodCode xsi:nil="true"></ShippingMethodCode>
          <StateOrProvince xsi:nil="true"></StateOrProvince>
          <Telephone1 xsi:nil="true"></Telephone1>
          <Telephone2 xsi:nil="true"></Telephone2>
          <Telephone3 xsi:nil="true"></Telephone3>
          <TimeZoneRuleVersionNumber xsi:nil="true"></TimeZoneRuleVersionNumber>
          <UPSZone xsi:nil="true"></UPSZone>
          <UTCOffset xsi:nil="true"></UTCOffset>
          <UTCConversionTimeZoneCode xsi:nil="true"></UTCConversionTimeZoneCode>
        </Address>
        <Address>
          <AddressNumber>2</AddressNumber>
          <AddressTypeCode xsi:nil="true"></AddressTypeCode>
          <City xsi:nil="true"></City>
          <County xsi:nil="true"></County>
          <Country xsi:nil="true"></Country>
          <Fax xsi:nil="true"></Fax>
          <FreightTermsCode xsi:nil="true"></FreightTermsCode>
          <ImportSequenceNumber xsi:nil="true"></ImportSequenceNumber>
          <Latitude xsi:nil="true"></Latitude>
          <Line1 xsi:nil="true"></Line1>
          <Line2 xsi:nil="true"></Line2>
          <Line3 xsi:nil="true"></Line3>
          <Longitude xsi:nil="true"></Longitude>
          <Name xsi:nil="true"></Name>
          <PostalCode xsi:nil="true"></PostalCode>
          <PostOfficeBox xsi:nil="true"></PostOfficeBox>
          <PrimaryContactName xsi:nil="true"></PrimaryContactName>
          <ShippingMethodCode xsi:nil="true"></ShippingMethodCode>
          <StateOrProvince xsi:nil="true"></StateOrProvince>
          <Telephone1 xsi:nil="true"></Telephone1>
          <Telephone2 xsi:nil="true"></Telephone2>
          <Telephone3 xsi:nil="true"></Telephone3>
          <TimeZoneRuleVersionNumber xsi:nil="true"></TimeZoneRuleVersionNumber>
          <UPSZone xsi:nil="true"></UPSZone>
          <UTCOffset xsi:nil="true"></UTCOffset>
          <UTCConversionTimeZoneCode xsi:nil="true"></UTCConversionTimeZoneCode>
        </Address>
      </Addresses>
    </Publisher>
    <RootComponents>
      <RootComponent type="1" schemaName="contact" behavior="1" />
      <RootComponent type="1" schemaName="new_claim" behavior="0" />
      <RootComponent type="1" schemaName="new_claimdocument" behavior="0" />
      <RootComponent type="1" schemaName="new_claimtimeline" behavior="0" />
      <RootComponent type="1" schemaName="new_fraudassessment" behavior="0" />
      <RootComponent type="1" schemaName="new_policy" behavior="0" />
      <RootComponent type="1" schemaName="systemuser" behavior="1" />
      <RootComponent type="1" schemaName="task" behavior="2" />
      <RootComponent type="9" schemaName="new_claimtype" behavior="0" />
      <RootComponent type="9" schemaName="new_coveragetype" behavior="0" />
      <RootComponent type="9" schemaName="new_documenttype" behavior="0" />
      <RootComponent type="9" schemaName="new_eventtype" behavior="0" />
      <RootComponent type="9" schemaName="new_priority" behavior="0" />
      <RootComponent type="29" id="{42c41303-acdf-f011-8543-000d3a326d87}" behavior="0" />
      <RootComponent type="29" id="{4792efff-a9e0-f011-8543-000d3a326d87}" behavior="0" />
      <RootComponent type="29" id="{4f2b622a-00de-f011-8543-000d3a326d87}" behavior="0" />
      <RootComponent type="29" id="{506a8151-c0df-f011-8543-000d3a326d87}" behavior="0" />
      <RootComponent type="29" id="{68bb0ecf-23de-f011-8543-000d3a326d87}" behavior="0" />
      <RootComponent type="29" id="{81ba0463-abe0-f011-8543-000d3a326d87}" behavior="0" />
      <RootComponent type="61" schemaName="new_ClaimFormScripts" behavior="0" />
      <RootComponent type="61" schemaName="new_new_ClaimLocationMap" behavior="0" />
      <RootComponent type="61" schemaName="new_polic_form" behavior="0" />
      <RootComponent type="62" schemaName="new_ApexClaimsHub" behavior="0" />
      <RootComponent type="80" schemaName="new_ApexClaimsHub" behavior="0" />
      <RootComponent type="431" schemaName="new_claim new_digitalsignature" behavior="0" />
      <RootComponent type="432" schemaName="new_claim" behavior="0" />
    </RootComponents>
    <MissingDependencies>
      <MissingDependency>
        <Required type="60" displayName="Task" parentDisplayName="Task" solution="msdynce_Activities (9.0.1.2033)" id="{16654191-19ad-48ca-9e46-c4b4fbdad76f}">
          <package appName="msdynce_Activities" version="9.0.25103.251015001">msdynce_EnableUCIByDefault (9.0.25103.251015001)</package>
        </Required>
        <Dependent type="60" displayName="Task" parentDisplayName="Task" id="{16654191-19ad-48ca-9e46-c4b4fbdad76f}" />
      </MissingDependency>
      <MissingDependency>
        <Required type="60" displayName="Contact" parentDisplayName="Contact" solution="msdynce_AppCommon (9.0.4.0066)" id="{1fed44d1-ae68-4a41-bd2b-f13acac4acfa}">
          <package appName="msdynce_AppCommon" version="9.0.25111.10001">msdynce_AppCommonAnchor (9.0.25111.10001)</package>
        </Required>
        <Dependent type="60" displayName="Contact" parentDisplayName="Contact" id="{1fed44d1-ae68-4a41-bd2b-f13acac4acfa}" />
      </MissingDependency>
      <MissingDependency>
        <Required type="61" schemaName="ActivityFeedsRules.svg" displayName="ActivityFeedsRules.svg" solution="PowerPlatformEnvironmentSettings (1.1.1.2743)">
          <package appName="PowerPlatformEnvironmentSettingsApp" version="1.1.1.2743">PowerPlatformEnvironmentSettingsApp_Anchor (1.1.1.2743)</package>
        </Required>
        <Dependent type="62" schemaName="new_ApexClaimsHub" />
      </MissingDependency>
      <MissingDependency>
        <Required type="61" schemaName="msdyn_/Images/AppModule_Default_Icon.png" displayName="msdyn_/Images/AppModule_Default_Icon.png" solution="AppModuleWebResources (2.5)">
          <package appName="AppModule Web Resources Package" version="2.5">AppModuleWebResources (2.5)</package>
        </Required>
        <Dependent type="80" schemaName="new_ApexClaimsHub" displayName="Apex Claims Hub" />
      </MissingDependency>
      <MissingDependency>
        <Required type="61" schemaName="msdyn_eye.svg" displayName="msdyn_eye.svg" solution="msdyn_PowerAdminSettingsDataManagementSolution (1.1.1.2743)">
          <package appName="PowerPlatformEnvironmentSettingsApp" version="1.1.1.2743">PowerPlatformEnvironmentSettingsApp_Anchor (1.1.1.2743)</package>
        </Required>
        <Dependent type="62" schemaName="new_ApexClaimsHub" />
      </MissingDependency>
      <MissingDependency>
        <Required type="61" schemaName="mspp_entity_lists.svg" displayName="mspp_entity_lists.svg" solution="PowerPages_AppResources (1.0.2505.0)">
          <package appName="Power Pages Core Package" version="1.1.2508.192">PowerPages_Core (1.1.2508.192)</package>
        </Required>
        <Dependent type="62" schemaName="new_ApexClaimsHub" />
      </MissingDependency>
      <MissingDependency>
        <Required type="61" schemaName="mspp_page_templates.svg" displayName="mspp_page_templates.svg" solution="PowerPages_AppResources (1.0.2505.0)">
          <package appName="Power Pages Core Package" version="1.1.2508.192">PowerPages_Core (1.1.2508.192)</package>
        </Required>
        <Dependent type="62" schemaName="new_ApexClaimsHub" />
      </MissingDependency>
      <MissingDependency>
        <Required type="61" schemaName="mspp_web_page_access_control_rules.svg" displayName="mspp_web_page_access_control_rules.svg" solution="PowerPages_AppResources (1.0.2505.0)">
          <package appName="Power Pages Core Package" version="1.1.2508.192">PowerPages_Core (1.1.2508.192)</package>
        </Required>
        <Dependent type="62" schemaName="new_ApexClaimsHub" />
      </MissingDependency>
      <MissingDependency>
        <Required type="66" schemaName="ApexInsurance.FraudRiskBar" displayName="ApexInsurance.FraudRiskBar" solution="ApexFraudRiskBar (1.0.5)" />
        <Dependent type="60" displayName="Main" parentDisplayName="Claim" id="{b0ec732e-1c3d-424e-87b9-b8020c21c7f7}" />
      </MissingDependency>
      <MissingDependency>
        <Required type="66" schemaName="MscrmControls.CardFeedContainer.CardFeedContainer" displayName="MscrmControls.CardFeedContainer.CardFeedContainer" solution="BaseCustomControlsCore (9.0.2511.2009)">
          <package appName="Base Custom Controls" version="9.0.2511.2009">BaseCustomControlsCore (9.0.2511.2009)</package>
        </Required>
        <Dependent type="60" displayName="Contact" parentDisplayName="Contact" id="{1fed44d1-ae68-4a41-bd2b-f13acac4acfa}" />
      </MissingDependency>
      <MissingDependency>
        <Required type="SettingDefinition" displayName="AppChannel" solution="msdyn_AppFrameworkInfraExtensions (1.0.0.15)" id.uniquename="AppChannel">
          <package appName="PowerAppsAppFramework Package" version="1.0.0.23">PowerAppsAppFramework_Anchor (1.0.0.23)</package>
        </Required>
        <Dependent type="AppSetting" displayName="parentappmoduleid.uniquename=new_ApexClaimsHub,settingdefinitionid.uniquename=AppChannel" id.parentappmoduleid.uniquename="new_ApexClaimsHub" id.settingdefinitionid.uniquename="AppChannel" />
      </MissingDependency>
    </MissingDependencies>
  </SolutionManifest>
</ImportExportXml>