<powerpagecomponent powerpagecomponentid="181ca500-6d30-4a82-b0e8-4e9aebac872c">
  <content>{
  "disablepagevalidation": false,
  "displayimageonly": false,
  "displayorder": 1,
  "displaypagechildlinks": false,
  "openinnewwindow": false,
  "pageid": "640b516b-002b-4cdf-a7da-8b00abf8bc7d",
  "publishingstateid": "aa217ce8-6c3d-4c37-b8c3-106ded806681",
  "robotsfollowlink": true,
  "weblinksetid": "ee986c5e-fd79-46ec-b768-d9ac040cac41"
}</content>
  <iscustomizable>1</iscustomizable>
  <name>Profile</name>
  <powerpagecomponenttype>5</powerpagecomponenttype>
  <powerpagesiteid>
    <powerpagesiteid>3b333078-c2ee-4531-83b3-e4d54db17a49</powerpagesiteid>
  </powerpagesiteid>
  <statecode>0</statecode>
  <statuscode>1</statuscode>
</powerpagecomponent>