<powerpagecomponent powerpagecomponentid="4a0e2a20-0344-4261-9e45-a72a0ae7f1f9">
  <content>{
  "display_name": "Search/Results Title",
  "value": "Results for {{ request.params.q }}"
}</content>
  <iscustomizable>1</iscustomizable>
  <name>Search/ResultsTitle</name>
  <powerpagecomponenttype>7</powerpagecomponenttype>
  <powerpagesiteid>
    <powerpagesiteid>3b333078-c2ee-4531-83b3-e4d54db17a49</powerpagesiteid>
  </powerpagesiteid>
  <powerpagesitelanguageid>
    <powerpagesitelanguageid>3cfb219d-9d01-4312-acc1-a2b76755e01c</powerpagesitelanguageid>
  </powerpagesitelanguageid>
  <statecode>0</statecode>
  <statuscode>1</statuscode>
</powerpagecomponent>