<powerpagecomponent powerpagecomponentid="f0ec830b-90e0-f011-8543-000d3a326d87">
  <content>{
   "scope": 756150000,
   "entitylogicalname": "contact",
   "entityname": "Contact Read",
   "appendto": false,
   "append": false,
   "delete": false,
   "create": false,
   "write": false,
   "read": true,
   "adx_entitypermission_webrole": [
      "f9b2409c-14c4-4952-a5cc-9a772787144b",
      "fd79d32c-1bdf-f011-8543-000d3a326d87",
      "6a386225-1bdf-f011-8543-000d3a326d87",
      "528fe9d8-1adf-f011-8543-000d3a326d87"
   ]
}</content>
  <iscustomizable>1</iscustomizable>
  <name>Contact Read</name>
  <powerpagecomponenttype>18</powerpagecomponenttype>
  <powerpagesiteid>
    <powerpagesiteid>3b333078-c2ee-4531-83b3-e4d54db17a49</powerpagesiteid>
  </powerpagesiteid>
  <statecode>0</statecode>
  <statuscode>1</statuscode>
</powerpagecomponent>