<powerpagecomponent powerpagecomponentid="f26f8433-f55b-4f03-b7cc-9e00a77505df">
  <content>{
  "enablerating": false,
  "enabletracking": false,
  "excludefromsearch": true,
  "hiddenfromsitemap": true,
  "isroot": true,
  "pagetemplateid": "e41713bc-ab4c-4fee-b59d-b482b3090934",
  "parentpageid": "0cce02fb-9453-4d98-b30c-d1401c8a59cb",
  "partialurl": "access-denied",
  "publishingstateid": "aa217ce8-6c3d-4c37-b8c3-106ded806681",
  "sharedpageconfiguration": false
}</content>
  <iscustomizable>1</iscustomizable>
  <name>Access Denied</name>
  <powerpagecomponenttype>2</powerpagecomponenttype>
  <powerpagesiteid>
    <powerpagesiteid>3b333078-c2ee-4531-83b3-e4d54db17a49</powerpagesiteid>
  </powerpagesiteid>
  <searchcontent>Access Denied</searchcontent>
  <statecode>0</statecode>
  <statuscode>1</statuscode>
</powerpagecomponent>