<customapirequestparameter uniquename="CheckTypes">
  <description default="JSON array of checks to run: DocumentExpiry, SAMStatus, Debarment, OSHAViolations, ERPStatus. Leave empty for all">
    <label description="JSON array of checks to run: DocumentExpiry, SAMStatus, Debarment, OSHAViolations, ERPStatus. Leave empty for all" languagecode="1033" />
  </description>
  <displayname default="Check Types">
    <label description="Check Types" languagecode="1033" />
  </displayname>
  <iscustomizable>1</iscustomizable>
  <isoptional>1</isoptional>
  <name>CheckTypes</name>
  <type>10</type>
</customapirequestparameter>