<powerpagecomponent powerpagecomponentid="23828c77-582d-4c86-88b5-a9990dedc33f">
  <content>{
  "display_name": "Search/Results Count",
  "value": "{{ current_page }} - {{ page_size }} of {{ searchindex.approximate_total_hits }} Results"
}</content>
  <iscustomizable>1</iscustomizable>
  <name>Search/ResultsCount</name>
  <powerpagecomponenttype>7</powerpagecomponenttype>
  <powerpagesiteid>
    <powerpagesiteid>3b333078-c2ee-4531-83b3-e4d54db17a49</powerpagesiteid>
  </powerpagesiteid>
  <powerpagesitelanguageid>
    <powerpagesitelanguageid>3cfb219d-9d01-4312-acc1-a2b76755e01c</powerpagesitelanguageid>
  </powerpagesitelanguageid>
  <statecode>0</statecode>
  <statuscode>1</statuscode>
</powerpagecomponent>