<powerpagecomponent powerpagecomponentid="9304645c-d9dd-43a9-be61-a541485ad704">
  <content>{
  "right": 1,
  "webpageid": "0cce02fb-9453-4d98-b30c-d1401c8a59cb",
  "adx_webpageaccesscontrolrule_webrole": [
    "77950059-e9dd-4b34-af88-484dafc41805"
  ]
}</content>
  <iscustomizable>1</iscustomizable>
  <name>Grant Change to Administrators</name>
  <powerpagecomponenttype>10</powerpagecomponenttype>
  <powerpagesiteid>
    <powerpagesiteid>3b333078-c2ee-4531-83b3-e4d54db17a49</powerpagesiteid>
  </powerpagesiteid>
  <statecode>0</statecode>
  <statuscode>1</statuscode>
</powerpagecomponent>