{
  "properties": {
    "connectionReferences": {
      "shared_teams": {
        "runtimeSource": "embedded",
        "connection": {
          "connectionReferenceLogicalName": "new_sharedteams_c74a5"
        },
        "api": {
          "name": "shared_teams"
        }
      },
      "shared_servicebus": {
        "runtimeSource": "embedded",
        "connection": {
          "connectionReferenceLogicalName": "new_sharedservicebus_0e464"
        },
        "api": {
          "name": "shared_servicebus"
        }
      }
    },
    "definition": {
      "$schema": "https://schema.management.azure.com/providers/Microsoft.Logic/schemas/2016-06-01/workflowdefinition.json#",
      "contentVersion": "1.0.0.0",
      "parameters": {
        "$connections": {
          "defaultValue": {},
          "type": "Object"
        },
        "$authentication": {
          "defaultValue": {},
          "type": "SecureObject"
        }
      },
      "triggers": {
        "When_a_message_is_received_in_a_topic_subscription_(auto-complete)": {
          "recurrence": {
            "interval": 1,
            "frequency": "Minute"
          },
          "metadata": {
            "operationMetadataId": "cac42dbc-8218-477a-a7ac-0dfaa1aaa231"
          },
          "type": "OpenApiConnection",
          "inputs": {
            "host": {
              "connectionName": "shared_servicebus",
              "operationId": "GetMessageFromTopic",
              "apiId": "/providers/Microsoft.PowerApps/apis/shared_servicebus"
            },
            "parameters": {
              "topicName": "feedback-analyzed",
              "subscriptionName": "negative-feedback",
              "subscriptionType": "Main"
            },
            "authentication": "@parameters('$authentication')"
          }
        }
      },
      "actions": {
        "Parse_JSON": {
          "runAfter": {},
          "metadata": {
            "operationMetadataId": "c90a6b5d-a0d0-41f0-97d7-4af71ea446df"
          },
          "type": "ParseJson",
          "inputs": {
            "content": "@json(base64ToString(triggerBody()?['ContentData']))",
            "schema": {
              "type": "object",
              "properties": {
                "id": {
                  "type": "string"
                },
                "customerName": {
                  "type": "string"
                },
                "customerEmail": {
                  "type": "string"
                },
                "feedbackText": {
                  "type": "string"
                },
                "category": {
                  "type": "string"
                },
                "submittedOn": {
                  "type": "string"
                },
                "sentimentScore": {
                  "type": "number"
                },
                "sentimentCategory": {
                  "type": "string"
                },
                "sentimentCategoryValue": {
                  "type": "integer"
                },
                "keyPhrases": {
                  "type": "string"
                },
                "priority": {
                  "type": "string"
                },
                "priorityValue": {
                  "type": "integer"
                },
                "aiConfidence": {
                  "type": "object",
                  "properties": {
                    "positive": {
                      "type": "number"
                    },
                    "neutral": {
                      "type": "number"
                    },
                    "negative": {
                      "type": "number"
                    }
                  }
                },
                "processedAt": {
                  "type": "string"
                }
              }
            }
          }
        },
        "Post_card_in_a_chat_or_channel": {
          "runAfter": {
            "Parse_JSON": [
              "Succeeded"
            ]
          },
          "metadata": {
            "operationMetadataId": "3ec9780e-f382-4d47-bfd5-44e8a9033d9f"
          },
          "type": "OpenApiConnection",
          "inputs": {
            "host": {
              "connectionName": "shared_teams",
              "operationId": "PostCardToConversation",
              "apiId": "/providers/Microsoft.PowerApps/apis/shared_teams"
            },
            "parameters": {
              "poster": "Flow bot",
              "location": "Channel",
              "body/recipient/groupId": "f84f643f-ebe7-4961-bd1b-a4649c063603",
              "body/recipient/channelId": "19:04ae1d51765441dea8dd04998b595d9a@thread.tacv2",
              "body/messageBody": "{\n  \"type\": \"AdaptiveCard\",\n  \"$schema\": \"http://adaptivecards.io/schemas/adaptive-card.json\",\n  \"version\": \"1.4\",\n  \"body\": [\n    {\n      \"type\": \"Container\",\n      \"style\": \"attention\",\n      \"bleed\": true,\n      \"items\": [\n        {\n          \"type\": \"TextBlock\",\n          \"text\": \"NEGATIVE FEEDBACK ALERT\",\n          \"weight\": \"Bolder\",\n          \"size\": \"Medium\",\n          \"horizontalAlignment\": \"Center\",\n          \"color\": \"Light\"\n        }\n      ]\n    },\n    {\n      \"type\": \"Container\",\n      \"spacing\": \"Medium\",\n      \"items\": [\n        {\n          \"type\": \"FactSet\",\n          \"facts\": [\n            { \"title\": \"Customer\", \"value\": \"@{body('Parse_JSON')?['customerName']}\" },\n            { \"title\": \"Email\", \"value\": \"@{body('Parse_JSON')?['customerEmail']}\" },\n            { \"title\": \"Priority\", \"value\": \"@{body('Parse_JSON')?['priority']}\" },\n            { \"title\": \"Key Issues\", \"value\": \"@{body('Parse_JSON')?['keyPhrases']}\" }\n          ]\n        }\n      ]\n    },\n    {\n      \"type\": \"Container\",\n      \"spacing\": \"Medium\",\n      \"style\": \"emphasis\",\n      \"items\": [\n        {\n          \"type\": \"TextBlock\",\n          \"text\": \"FEEDBACK DETAILS\",\n          \"weight\": \"Bolder\",\n          \"size\": \"Small\",\n          \"separator\": true\n        },\n        {\n          \"type\": \"TextBlock\",\n          \"text\": \"@{body('Parse_JSON')?['feedbackText']}\",\n          \"wrap\": true,\n          \"spacing\": \"Small\"\n        }\n      ]\n    },\n    {\n      \"type\": \"FactSet\",\n      \"spacing\": \"Medium\",\n      \"facts\": [\n        { \"title\": \"AI Confidence\", \"value\": \"@{body('Parse_JSON')?['sentimentScore']}\" },\n        { \"title\": \"Submitted On\", \"value\": \"@{body('Parse_JSON')?['submittedOn']}\" }\n      ]\n    }\n  ],\n  \"actions\": [\n    {\n      \"type\": \"Action.OpenUrl\",\n      \"title\": \"View Case in CRM\",\n      \"url\": \"https://org22b59a4a.crm.dynamics.com\"\n    }\n  ]\n}"
            },
            "authentication": "@parameters('$authentication')"
          }
        }
      }
    },
    "templateName": ""
  },
  "schemaVersion": "1.0.0.0"
}