{
  "properties": {
    "connectionReferences": {
      "shared_servicebus": {
        "runtimeSource": "embedded",
        "connection": {
          "connectionReferenceLogicalName": "new_sharedservicebus_0e464"
        },
        "api": {
          "name": "shared_servicebus"
        }
      },
      "shared_commondataserviceforapps": {
        "runtimeSource": "embedded",
        "connection": {
          "connectionReferenceLogicalName": "new_sharedcommondataserviceforapps_3034a"
        },
        "api": {
          "name": "shared_commondataserviceforapps"
        }
      }
    },
    "definition": {
      "$schema": "https://schema.management.azure.com/providers/Microsoft.Logic/schemas/2016-06-01/workflowdefinition.json#",
      "contentVersion": "1.0.0.0",
      "parameters": {
        "$connections": {
          "defaultValue": {},
          "type": "Object"
        },
        "$authentication": {
          "defaultValue": {},
          "type": "SecureObject"
        }
      },
      "triggers": {
        "Trigger:_New_Feedback_Record_Created": {
          "metadata": {
            "operationMetadataId": "aef6594c-a964-4834-b2d2-6954ac349c95"
          },
          "type": "OpenApiConnectionWebhook",
          "inputs": {
            "host": {
              "connectionName": "shared_commondataserviceforapps",
              "operationId": "SubscribeWebhookTrigger",
              "apiId": "/providers/Microsoft.PowerApps/apis/shared_commondataserviceforapps"
            },
            "parameters": {
              "subscriptionRequest/message": 1,
              "subscriptionRequest/entityname": "new_customerfeedback",
              "subscriptionRequest/scope": 4
            },
            "authentication": "@parameters('$authentication')"
          }
        }
      },
      "actions": {
        "Action:_Send_to_Service_Bus_Queue": {
          "runAfter": {},
          "metadata": {
            "operationMetadataId": "9037f468-5dc2-48b0-868b-ee945759dc07"
          },
          "type": "OpenApiConnection",
          "inputs": {
            "host": {
              "connectionName": "shared_servicebus",
              "operationId": "SendMessage",
              "apiId": "/providers/Microsoft.PowerApps/apis/shared_servicebus"
            },
            "parameters": {
              "entityName": "feedback-incoming",
              "message/ContentData": "{\n  \"id\": \"@{triggerOutputs()?['body/new_customerfeedbackid']}\",\n  \"customerName\": \"@{triggerOutputs()?['body/new_customername']}\",\n  \"customerEmail\": \"@{triggerOutputs()?['body/new_customeremail']}\",\n  \"feedbackText\": \"@{triggerOutputs()?['body/new_feedbacktext']}\",\n  \"category\": \"@{triggerOutputs()?['body/new_category']}\",\n  \"submittedOn\": \"@{triggerOutputs()?['body/new_submittedon']}\"\n}",
              "message/ContentType": "application/json",
              "systemProperties": "None"
            },
            "authentication": "@parameters('$authentication')"
          }
        }
      }
    },
    "templateName": ""
  },
  "schemaVersion": "1.0.0.0"
}