<environmentvariabledefinition schemaname="new_frauddetectionapikey">
  <defaultvalue>1aH-CMgKv6rxqeqYEAwwDr-njcFXgt3fgxo6ESSszSg_AzFuva3eNw==</defaultvalue>
  <displayname default="Fraud Detection API Key">
    <label description="Fraud Detection API Key" languagecode="1033" />
  </displayname>
  <introducedversion>1.0.0.0</introducedversion>
  <iscustomizable>1</iscustomizable>
  <isrequired>0</isrequired>
  <secretstore>0</secretstore>
  <type>100000000</type>
</environmentvariabledefinition>